amount;description;category;subcategory;date;currency
-6650.00;The coffee store;CATEGORY_FOOD_AND_DRINKS;SUBCATEGORY_COFFEE_RESTAURANT;2023-11-28;ARS
-4348.00;Regali pili cuota;CATEGORY_FOOD_AND_DRINKS;SUBCATEGORY_COFFEE_RESTAURANT;2023-11-29;ARS
616444.00;Sueldo de Nov con ajuste;CATEGORY_INCOME;SUBCATEGORY_SALARY;2023-11-30;ARS
-22500.00;Pago mecánico con plata de papa prestada;CATEGORY_VEHICLE;SUBCATEGORY_MAINTENANCE;2023-11-30;ARS
-25000.00;Fiesta seguro;CATEGORY_VEHICLE;SUBCATEGORY_INSURANCE;2023-12-01;ARS
-5000.00;Personal;CATEGORY_SERVICES;SUBCATEGORY_MOBILE_TELEPHONY;2023-12-01;ARS
-11000.00;Pagado todo yo  - La Birra Bar;CATEGORY_FOOD_AND_DRINKS;SUBCATEGORY_COFFEE_RESTAURANT;2023-12-04;ARS
-4000.00;Mitad pagada con mi amorcito. Total 8000  - Bagel Bagel;CATEGORY_FOOD_AND_DRINKS;SUBCATEGORY_COFFEE_RESTAURANT;2023-12-04;ARS
-19700.00;Nafta infinia ypf;CATEGORY_VEHICLE;SUBCATEGORY_FUEL;2023-12-04;ARS
-10250.00;Telo. Pagado a medias, total 20500  - Hotel Babilonia;CATEGORY_LEISURE;SUBCATEGORY_HOTELS;2023-12-04;ARS
-69000.00;;CATEGORY_LEISURE;SUBCATEGORY_CONCERTS;2023-12-05;ARS
-100000.00;"Primera inversion para gastar en dolar mep.
Incluye tres transacciones de 95000, 4500 y 500";CATEGORY_INVESTMENTS;SUBCATEGORY_OTHERS;2023-12-07;ARS
-5540.00;Los pibes me dieron el efectivo. Fueron 27700 de la tarjeta de debito.  - La Reforma;CATEGORY_FOOD_AND_DRINKS;SUBCATEGORY_COFFEE_RESTAURANT;2023-12-07;ARS
-10000.00;Psico  - Ines;CATEGORY_HEALTH;SUBCATEGORY_OTHERS;2023-12-07;ARS
-10000.00;Rompecabezas. Pagado a medias, total 20000;CATEGORY_SHOPS;SUBCATEGORY_GIFTS;2023-12-08;ARS
-4600.00;Chelatto: corregido de 3400 a 4600;CATEGORY_FOOD_AND_DRINKS;SUBCATEGORY_COFFEE_RESTAURANT;2023-12-08;ARS
-10850.00;Tacos. 16700 pagado con amorcito  - PlanetTaco;CATEGORY_FOOD_AND_DRINKS;SUBCATEGORY_COFFEE_RESTAURANT;2023-12-09;ARS
-10500.00;Cine Napoleon: corregido de 9300 a 5500+5000=10500;CATEGORY_LEISURE;SUBCATEGORY_CINEMA_AND_THEATER;2023-12-10;ARS
-41800.00;La renga entradas racing. Incluye transf de 3800 y de 38000;CATEGORY_LEISURE;SUBCATEGORY_CONCERTS;2023-12-10;ARS
-3000.00;Ingredientes chipa;CATEGORY_FOOD_AND_DRINKS;SUBCATEGORY_MARKET;2023-12-11;ARS
30000.00;Plata papá;CATEGORY_FINANCIAL_EXPENSES;SUBCATEGORY_LOAN;2023-12-12;ARS
-117480.44;Tarjeta Visa Gold;CATEGORY_FINANCIAL_EXPENSES;SUBCATEGORY_OTHERS;2023-12-13;ARS
-39000.00;Bono AE38;CATEGORY_INVESTMENTS;SUBCATEGORY_OTHERS;2023-12-13;ARS
-12500.53;;CATEGORY_VEHICLE;SUBCATEGORY_FUEL;2023-12-13;ARS
-10000.00;Psico;CATEGORY_HEALTH;SUBCATEGORY_OTHERS;2023-12-14;ARS
-8800.00;Sunny total 17600;CATEGORY_FOOD_AND_DRINKS;SUBCATEGORY_COFFEE_RESTAURANT;2023-12-15;ARS
-22160.00;Compensaciones. Efectivo del pizza libre. Se resta por no haberlo restado del dinero en cuenta cuando se hizo el gasto de la pizza (solo se resyo la parte pagada por mi);CATEGORY_OTHERS;SUBCATEGORY_MISSING;2023-12-16;ARS
-1000.00;Sube;CATEGORY_TRANSPORTATION;SUBCATEGORY_PUBLIC;2023-12-17;ARS
-16190.00;Nafta inifinia Ford Fiesta;CATEGORY_VEHICLE;SUBCATEGORY_FUEL;2023-12-18;ARS
-11800.00;Modafinilo;CATEGORY_HEALTH;SUBCATEGORY_OTHERS;2023-12-19;ARS
-50000.00;;CATEGORY_INVESTMENTS;SUBCATEGORY_OTHERS;2023-12-19;ARS
308222.00;SAC;CATEGORY_INCOME;SUBCATEGORY_SALARY;2023-12-19;ARS
-2000.00;Birra tri;CATEGORY_LEISURE;SUBCATEGORY_ALCOHOL_TOBACCO;2023-12-20;ARS
-9097.00;6047+3050 super y monster;CATEGORY_FOOD_AND_DRINKS;SUBCATEGORY_MARKET;2023-12-22;ARS
-1050.00;Monster;CATEGORY_SHOPS;SUBCATEGORY_GIFTS;2023-12-22;ARS
-5000.00;Regali noe;CATEGORY_SHOPS;SUBCATEGORY_GIFTS;2023-12-24;ARS
-8000.00;Cables tester y otros;CATEGORY_SHOPS;SUBCATEGORY_ELECTRONICS;2023-12-24;ARS
-4581.00;Debito tarjeta : gasto no conocido;CATEGORY_SHOPS;SUBCATEGORY_DRUGSTORE;2023-12-24;ARS
-6047.00;Yogur y leches;CATEGORY_FOOD_AND_DRINKS;SUBCATEGORY_MARKET;2023-12-24;ARS
-6240.00;Vino speeds y melon;CATEGORY_LEISURE;SUBCATEGORY_ALCOHOL_TOBACCO;2023-12-25;ARS
-2000.00;Tequeños. A medias , total $4000;CATEGORY_FOOD_AND_DRINKS;SUBCATEGORY_COFFEE_RESTAURANT;2023-12-26;ARS
-7270.00;Personal Dic;CATEGORY_SERVICES;SUBCATEGORY_MOBILE_TELEPHONY;2023-12-28;ARS
-30830.00;30818 seguro fiesta diciembre;CATEGORY_VEHICLE;SUBCATEGORY_INSURANCE;2023-12-28;ARS
-2500.00;Regalo yani;CATEGORY_SHOPS;SUBCATEGORY_GIFTS;2023-12-29;ARS
-69000.00;Yandel2;CATEGORY_LEISURE;SUBCATEGORY_CONCERTS;2023-12-30;ARS
584394.00;;CATEGORY_INCOME;SUBCATEGORY_SALARY;2023-12-30;ARS
-10000.00;Ppi;CATEGORY_INVESTMENTS;SUBCATEGORY_OTHERS;2023-12-30;ARS
-8500.00;???;CATEGORY_OTHERS;SUBCATEGORY_MISSING;2023-12-31;ARS
-9800.00;Orange. 19600 pagado a medias con Dai;CATEGORY_FOOD_AND_DRINKS;SUBCATEGORY_COFFEE_RESTAURANT;2023-12-31;ARS
-9900.00;Escabio para año nuevo;CATEGORY_LEISURE;SUBCATEGORY_ALCOHOL_TOBACCO;2024-01-01;ARS
-4000.00;Entradas joda;CATEGORY_LEISURE;SUBCATEGORY_ALCOHOL_TOBACCO;2024-01-01;ARS
13400.00;Cartera dai 3ra cuota de 3;CATEGORY_INCOME;SUBCATEGORY_REFUND_SHARED_EXPENSES;2024-01-02;ARS
-28009.00;Nafta infinia;CATEGORY_VEHICLE;SUBCATEGORY_FUEL;2024-01-02;ARS
-7500.00;Hook;CATEGORY_SPORTS;SUBCATEGORY_OTHERS;2024-01-02;ARS
-5300.00;Luces;CATEGORY_VEHICLE;SUBCATEGORY_MAINTENANCE;2024-01-04;ARS
-105000.00;Cripto usdt bitcoin. Mercado pago: aldana v kaiser;CATEGORY_INVESTMENTS;SUBCATEGORY_OTHERS;2024-01-04;ARS
-2500.00;Regalo juli;CATEGORY_SHOPS;SUBCATEGORY_GIFTS;2024-01-04;ARS
-6000.00;Efectivo para paddle;CATEGORY_SPORTS;SUBCATEGORY_OTHERS;2024-01-05;ARS
-2800.00;Papas sukha;CATEGORY_FOOD_AND_DRINKS;SUBCATEGORY_COFFEE_RESTAURANT;2024-01-05;ARS
-500.00;Mercadopago sacar de binance c(omision);CATEGORY_INVESTMENTS;SUBCATEGORY_OTHERS;2024-01-05;ARS
-120000.00;Mecanico Juan;CATEGORY_VEHICLE;SUBCATEGORY_MAINTENANCE;2024-01-11;ARS
-7400.00;Cabify;CATEGORY_TRANSPORTATION;SUBCATEGORY_TAXI;2024-01-11;ARS
112900.00;Usdt Maria agostona cabral;CATEGORY_INVESTMENTS;SUBCATEGORY_CRYPTOCURRENCY;2024-01-14;ARS
-1250.00;Donuts (fueron 5000 donuts y 2500 estacionamiento, parte pago dai);CATEGORY_FOOD_AND_DRINKS;SUBCATEGORY_COFFEE_RESTAURANT;2024-01-14;ARS
-10000.00;Nafta infinia;CATEGORY_VEHICLE;SUBCATEGORY_FUEL;2024-01-15;ARS
-8650.00;Celular mes enero;CATEGORY_SERVICES;SUBCATEGORY_MOBILE_TELEPHONY;2024-01-15;ARS
-2500.00;Regalo beto;CATEGORY_SHOPS;SUBCATEGORY_GIFTS;2024-01-15;ARS
-8000.00;Prestamo de efectivo papá;CATEGORY_FINANCIAL_EXPENSES;SUBCATEGORY_LOAN;2024-01-15;ARS
-10000.00;Psico;CATEGORY_HEALTH;SUBCATEGORY_OTHERS;2024-01-16;ARS
-4500.00;Estacionamiento luna park. Total $9000;CATEGORY_VEHICLE;SUBCATEGORY_PARKING;2024-01-18;ARS
-5000.00;Birra luna park;CATEGORY_LEISURE;SUBCATEGORY_ALCOHOL_TOBACCO;2024-01-18;ARS
-7825.00;Pin pun. Total: $15650;CATEGORY_FOOD_AND_DRINKS;SUBCATEGORY_COFFEE_RESTAURANT;2024-01-18;ARS
-1250.00;Comida casa dai;CATEGORY_FOOD_AND_DRINKS;SUBCATEGORY_MARKET;2024-01-19;ARS
24906.97;Ppi pesos;CATEGORY_INCOME;SUBCATEGORY_OTHERS;2024-01-24;ARS
-7500.00;Hook;CATEGORY_SPORTS;SUBCATEGORY_OTHERS;2024-01-25;ARS
1648.00;Sobrante usdt btc;CATEGORY_INCOME;SUBCATEGORY_OTHERS;2024-01-26;ARS
-10000.00;Psico;CATEGORY_HEALTH;SUBCATEGORY_OTHERS;2024-01-26;ARS
12188.90;Vendidos 10 USDT a 1218 ARS;CATEGORY_INCOME;SUBCATEGORY_OTHERS;2024-01-28;ARS
-10000.00;Infinia;CATEGORY_VEHICLE;SUBCATEGORY_FUEL;2024-01-28;ARS
-7600.00;Tacos y maracuyas: 7400 + 7600 = 15000. 7400 fue lo de dai. Lo mio 7600;CATEGORY_FOOD_AND_DRINKS;SUBCATEGORY_COFFEE_RESTAURANT;2024-01-28;ARS
-4500.00;Salchicha alemana  y tequeños. Total: $9000;CATEGORY_FOOD_AND_DRINKS;SUBCATEGORY_COFFEE_RESTAURANT;2024-01-28;ARS
-10000.00;Prestar plata papa;CATEGORY_INCOME;SUBCATEGORY_REFUND_SHARED_EXPENSES;2024-01-30;ARS
4800.00;Youtube y netflix Dai;CATEGORY_INCOME;SUBCATEGORY_OTHERS;2024-01-30;ARS
808216.00;Sueldo Febrero con corrección;CATEGORY_INCOME;SUBCATEGORY_SALARY;2024-02-01;ARS
-55000.00;Vacuna QDenga;CATEGORY_HEALTH;SUBCATEGORY_OTHERS;2024-02-01;ARS
-22520.00;Modafinilo;CATEGORY_HEALTH;SUBCATEGORY_OTHERS;2024-02-01;ARS
-2500.00;Regalo vale;CATEGORY_SHOPS;SUBCATEGORY_GIFTS;2024-02-01;ARS
-41330.00;Seguro fiestita 25 (aprox) de enero;CATEGORY_VEHICLE;SUBCATEGORY_INSURANCE;2024-02-01;ARS
-10000.00;Psico;CATEGORY_HEALTH;SUBCATEGORY_OTHERS;2024-02-01;ARS
-60000.00;25% Alquiler Altos de Alem total 240000 ARS;CATEGORY_LEISURE;SUBCATEGORY_HOTELS;2024-02-02;ARS
-123635.00;Compra de usdt y BTC;CATEGORY_INVESTMENTS;SUBCATEGORY_OTHERS;2024-02-04;ARS
-5500.00;Pelota ypf;CATEGORY_SHOPS;SUBCATEGORY_GIFTS;2024-02-04;ARS
-10100.00;Big pons y sundae. Total 20000 ARS (16200 + 3800). 9900 de dai;CATEGORY_FOOD_AND_DRINKS;SUBCATEGORY_COFFEE_RESTAURANT;2024-02-04;ARS
-5700.00;Los cocos;CATEGORY_LEISURE;SUBCATEGORY_ALCOHOL_TOBACCO;2024-02-04;ARS
-20000.00;;CATEGORY_VEHICLE;SUBCATEGORY_FUEL;2024-02-04;ARS
-3300.00;Batido maracuyá;CATEGORY_FOOD_AND_DRINKS;SUBCATEGORY_COFFEE_RESTAURANT;2024-02-05;ARS
-29035.00;;CATEGORY_VEHICLE;SUBCATEGORY_FUEL;2024-02-08;ARS
-10000.00;Psico;CATEGORY_HEALTH;SUBCATEGORY_OTHERS;2024-02-08;ARS
-1380.00;Santillan carlos alberto mp ?? Dif con usdt d edai;CATEGORY_OTHERS;SUBCATEGORY_MISSING;2024-02-08;ARS
-7400.00;Vendas y bucal;CATEGORY_SPORTS;SUBCATEGORY_OTHERS;2024-02-09;ARS
-10000.00;Psico. Esta sesion fue un viernes. Se pagó el 18 feb;CATEGORY_HEALTH;SUBCATEGORY_OTHERS;2024-02-09;ARS
-126000.00;Compra de usdt para btc;CATEGORY_INVESTMENTS;SUBCATEGORY_OTHERS;2024-02-09;ARS
-6000.00;Esposas hot we;CATEGORY_SHOPS;SUBCATEGORY_GIFTS;2024-02-09;ARS
-7000.00;Efectivo;CATEGORY_FINANCIAL_EXPENSES;SUBCATEGORY_OTHERS;2024-02-09;ARS
-4800.00;Astronauta;CATEGORY_SHOPS;SUBCATEGORY_GIFTS;2024-02-09;ARS
-8600.00;Mate;CATEGORY_SHOPS;SUBCATEGORY_GIFTS;2024-02-09;ARS
-6000.00;Chanclas;CATEGORY_SHOPS;SUBCATEGORY_CLOTHES_AND_SHOES;2024-02-09;ARS
-5400.00;Puchos y birra;CATEGORY_LEISURE;SUBCATEGORY_ALCOHOL_TOBACCO;2024-02-09;ARS
-10900.00;Cargador auto;CATEGORY_SHOPS;SUBCATEGORY_ELECTRONICS;2024-02-09;ARS
-10300.00;Pizza (mi parte, total era 45300 ars). Incluye 10000 ars de rami y 3000 de seba;CATEGORY_FOOD_AND_DRINKS;SUBCATEGORY_COFFEE_RESTAURANT;2024-02-09;ARS
-22000.00;Efectivo de los chicos;CATEGORY_FINANCIAL_EXPENSES;SUBCATEGORY_OTHERS;2024-02-10;ARS
-8197.00;Pedidos ya wrap hummus;CATEGORY_FOOD_AND_DRINKS;SUBCATEGORY_COFFEE_RESTAURANT;2024-02-12;ARS
-85095.00;Tarjeta visa gold;CATEGORY_FINANCIAL_EXPENSES;SUBCATEGORY_OTHERS;2024-02-14;ARS
44586.00;Plata retirada de bonos ae38. Restado lo que me habia quedado en negativo en pi;CATEGORY_INVESTMENTS;SUBCATEGORY_OTHERS;2024-02-15;ARS
-10000.00;Psico. Se pago el 18 feb;CATEGORY_HEALTH;SUBCATEGORY_OTHERS;2024-02-15;ARS
-3600.00;Pqrrilla;CATEGORY_FOOD_AND_DRINKS;SUBCATEGORY_COFFEE_RESTAURANT;2024-02-17;ARS
-50000.00;Usdt;CATEGORY_INVESTMENTS;SUBCATEGORY_OTHERS;2024-02-18;ARS
-10000.00;Psico. Pagado el 23 feb;CATEGORY_HEALTH;SUBCATEGORY_OTHERS;2024-02-22;ARS
-2230.00;Comida viaje;CATEGORY_FOOD_AND_DRINKS;SUBCATEGORY_MARKET;2024-02-24;ARS
40000.00;Rescate de Fondo Gainvest Balanceado Clase A;CATEGORY_INVESTMENTS;SUBCATEGORY_OTHERS;2024-02-28;ARS
-58000.00;Telefono, llave cruz y seguro. Eran 68000 pero se saco del efectivo;CATEGORY_VEHICLE;SUBCATEGORY_INSURANCE;2024-02-28;ARS
-7600.00;Birra;CATEGORY_LEISURE;SUBCATEGORY_ALCOHOL_TOBACCO;2024-02-28;ARS
845933.00;Sueldo Eldar;CATEGORY_INCOME;SUBCATEGORY_SALARY;2024-02-29;ARS
-7500.00;Regalos cumples;CATEGORY_SHOPS;SUBCATEGORY_GIFTS;2024-03-01;ARS
-10000.00;Ines psico;CATEGORY_HEALTH;SUBCATEGORY_OTHERS;2024-03-01;ARS
-6020.00;Yogur y facturas;CATEGORY_FOOD_AND_DRINKS;SUBCATEGORY_MARKET;2024-03-01;ARS
-10700.00;Vinos la abeja y crema jime;CATEGORY_LEISURE;SUBCATEGORY_ALCOHOL_TOBACCO;2024-03-01;ARS
-15300.00;Vinos y fernet;CATEGORY_LEISURE;SUBCATEGORY_ALCOHOL_TOBACCO;2024-03-01;ARS
-59500.00;Gastos vacaciones mendoza;CATEGORY_LEISURE;SUBCATEGORY_HOTELS;2024-03-01;ARS
0.01;Mi Hermosa Puchi  ❤️ → Yo : Dolares  - Mi Hermosa Puchi  ❤️;CATEGORY_INCOME;SUBCATEGORY_REFUND_SHARED_EXPENSES;2024-03-01;ARS
-1300.01;Yo → Mi Hermosa Puchi  ❤️ : Dolares  - Mi Hermosa Puchi  ❤️;CATEGORY_FINANCIAL_EXPENSES;SUBCATEGORY_LOAN;2024-03-01;ARS
-3000.00;Clau bruno plata de pileta;CATEGORY_LEISURE;SUBCATEGORY_HOTELS;2024-03-02;ARS
-50000.00;Gastos mendoza parte 2;CATEGORY_LEISURE;SUBCATEGORY_HOTELS;2024-03-02;ARS
-48824.00;Nafta infinia;CATEGORY_VEHICLE;SUBCATEGORY_FUEL;2024-03-03;ARS
-300000.00;Usdt gastables;CATEGORY_INVESTMENTS;SUBCATEGORY_OTHERS;2024-03-03;ARS
-3250.00;Tacho de basura auto;CATEGORY_VEHICLE;SUBCATEGORY_MAINTENANCE;2024-03-03;ARS
-14000.00;Entradas joda;CATEGORY_LEISURE;SUBCATEGORY_EVENTS;2024-03-03;ARS
-26990.00;Heladerita;CATEGORY_HOUSE_AND_HOME;SUBCATEGORY_OTHERS;2024-03-03;ARS
-8500.00;Gym;CATEGORY_SPORTS;SUBCATEGORY_OTHERS;2024-03-04;ARS
3100.00;Youtube y netflix Dai;CATEGORY_INCOME;SUBCATEGORY_REFUND_SHARED_EXPENSES;2024-03-05;ARS
23000.00;Entrada rami guasones;CATEGORY_LEISURE;SUBCATEGORY_CONCERTS;2024-03-05;ARS
-11500.00;Vinos para pau juli y mi dai;CATEGORY_SHOPS;SUBCATEGORY_GIFTS;2024-03-06;ARS
-10000.00;Psico;CATEGORY_HEALTH;SUBCATEGORY_OTHERS;2024-03-07;ARS
-3650.00;Empanadas ricas Total 7300 pagado con dai;CATEGORY_FOOD_AND_DRINKS;SUBCATEGORY_COFFEE_RESTAURANT;2024-03-09;ARS
-7650.00;Con mi amorcito. Total: 15300 hamburguesas la birra bar;CATEGORY_FOOD_AND_DRINKS;SUBCATEGORY_COFFEE_RESTAURANT;2024-03-09;ARS
-2300.00;Bolucompras: lapiz y voligoma;CATEGORY_SHOPS;SUBCATEGORY_GIFTS;2024-03-09;ARS
-1700.00;;CATEGORY_FOOD_AND_DRINKS;SUBCATEGORY_COFFEE_RESTAURANT;2024-03-09;ARS
-3100.00;Medialunas;CATEGORY_FOOD_AND_DRINKS;SUBCATEGORY_COFFEE_RESTAURANT;2024-03-10;ARS
-1800.00;Kiosco (mp);CATEGORY_SHOPS;SUBCATEGORY_DRUGSTORE;2024-03-10;ARS
-5000.00;Desodorante;CATEGORY_SHOPS;SUBCATEGORY_DRUGSTORE;2024-03-10;ARS
-60000.00;Booking Cordoba Parte 2;CATEGORY_LEISURE;SUBCATEGORY_HOTELS;2024-03-11;ARS
-38500.00;Regalo jime: virus y kenny;CATEGORY_SHOPS;SUBCATEGORY_GIFTS;2024-03-11;ARS
-2100.00;Alfajor;CATEGORY_FOOD_AND_DRINKS;SUBCATEGORY_COFFEE_RESTAURANT;2024-03-11;ARS
-15000.00;Axion super;CATEGORY_VEHICLE;SUBCATEGORY_FUEL;2024-03-15;ARS
-38305.00;Nafra infinia ypf;CATEGORY_VEHICLE;SUBCATEGORY_FUEL;2024-03-16;ARS
-30000.00;Pulsera lolla;CATEGORY_LEISURE;SUBCATEGORY_CONCERTS;2024-03-16;ARS
-5800.00;Birras y hamburguesa;CATEGORY_FOOD_AND_DRINKS;SUBCATEGORY_COFFEE_RESTAURANT;2024-03-16;ARS
88581.00;Plazo fijo UVA retirado: 38458 + 50123 ARS;CATEGORY_INVESTMENTS;SUBCATEGORY_OTHERS;2024-03-16;ARS
-10500.00;Gastos birra y cosas lolla;CATEGORY_LEISURE;SUBCATEGORY_ALCOHOL_TOBACCO;2024-03-16;ARS
-4390.00;Nuggets mostaza;CATEGORY_FOOD_AND_DRINKS;SUBCATEGORY_COFFEE_RESTAURANT;2024-03-17;ARS
106400.00;Venta 100 usdt;CATEGORY_INVESTMENTS;SUBCATEGORY_OTHERS;2024-03-19;ARS
-60000.00;Gomeria papá. Transf de 73500 ars;CATEGORY_VEHICLE;SUBCATEGORY_MAINTENANCE;2024-03-19;ARS
-40000.00;POSIBLE monto de seguro Ford Fiesta;CATEGORY_VEHICLE;SUBCATEGORY_INSURANCE;2024-03-19;ARS
-13500.00;Personal marzo. Transf de 73500 ars;CATEGORY_SERVICES;SUBCATEGORY_MOBILE_TELEPHONY;2024-03-19;ARS
-14000.00;Psico;CATEGORY_HEALTH;SUBCATEGORY_OTHERS;2024-03-21;ARS
-16000.00;VTV;CATEGORY_VEHICLE;SUBCATEGORY_MAINTENANCE;2024-03-21;ARS
-9000.00;;CATEGORY_VEHICLE;SUBCATEGORY_PARKING;2024-03-22;ARS
-14000.00;Efectivo para el recital;CATEGORY_LEISURE;SUBCATEGORY_CONCERTS;2024-03-23;ARS
-20700.00;Club de la milanesa;CATEGORY_FOOD_AND_DRINKS;SUBCATEGORY_COFFEE_RESTAURANT;2024-03-23;ARS
-23800.00;"Parte 2 seguro y ""fabr"" ?? . Total seguro eran 61300 , habiamos pagado 40000.";CATEGORY_VEHICLE;SUBCATEGORY_INSURANCE;2024-03-23;ARS
-2000.00;Recarga sube;CATEGORY_TRANSPORTATION;SUBCATEGORY_PUBLIC;2024-03-23;ARS
20000.00;Deuda dai;CATEGORY_OTHERS;SUBCATEGORY_MISSING;2024-03-23;ARS
-14000.00;Nafta parte 1. 28000 ars total. Pagado con dai.Transf de 35000 ars a dai.;CATEGORY_VEHICLE;SUBCATEGORY_FUEL;2024-03-24;ARS
-2700.00;Estscion servicio 3d;CATEGORY_FOOD_AND_DRINKS;SUBCATEGORY_COFFEE_RESTAURANT;2024-03-24;ARS
73280.00;Venta bttc por 65usdt;CATEGORY_INVESTMENTS;SUBCATEGORY_OTHERS;2024-03-24;ARS
-10000.00;Club de la mila con dai. Total 20000. Transf de 35000 ars a dai.;CATEGORY_FOOD_AND_DRINKS;SUBCATEGORY_COFFEE_RESTAURANT;2024-03-24;ARS
-2535.00;Estscion servicio;CATEGORY_FOOD_AND_DRINKS;SUBCATEGORY_COFFEE_RESTAURANT;2024-03-24;ARS
-11000.00;Nafta parte 2.  22000 ars total. Pagado con dai. Transf de 35000 ars a dai.;CATEGORY_VEHICLE;SUBCATEGORY_FUEL;2024-03-24;ARS
-5977.00;Super becerra;CATEGORY_FOOD_AND_DRINKS;SUBCATEGORY_MARKET;2024-03-24;ARS
-4600.00;Kiosco los cocos lanus.;CATEGORY_FOOD_AND_DRINKS;SUBCATEGORY_MARKET;2024-03-24;ARS
-8756.00;Carrefour;CATEGORY_FOOD_AND_DRINKS;SUBCATEGORY_MARKET;2024-03-24;ARS
-5395.00;Juego Palabras. Morydi. Pagado a medias con dai. Total 10395;CATEGORY_SHOPS;SUBCATEGORY_GIFTS;2024-03-25;ARS
-3100.00;Panaderia Alto sarmiento;CATEGORY_FOOD_AND_DRINKS;SUBCATEGORY_COFFEE_RESTAURANT;2024-03-26;ARS
-3500.00;Helado cremolatti.  Pagado a medias con mi amorcito Total 7000;CATEGORY_FOOD_AND_DRINKS;SUBCATEGORY_COFFEE_RESTAURANT;2024-03-26;ARS
-10300.00;Comida Cafe del medio. Bife. Alta gracia. Pagado a medias, total 20600;CATEGORY_FOOD_AND_DRINKS;SUBCATEGORY_COFFEE_RESTAURANT;2024-03-26;ARS
1131858.00;Pago marzo eldar.;CATEGORY_INCOME;SUBCATEGORY_SALARY;2024-03-27;ARS
-10100.00;Junior b. Pagado con dai. Total 20200;CATEGORY_FOOD_AND_DRINKS;SUBCATEGORY_COFFEE_RESTAURANT;2024-03-28;ARS
-6130.00;Fiambres la cumbrecita. Pagado a medias con dai total 12260 ars;CATEGORY_FOOD_AND_DRINKS;SUBCATEGORY_COFFEE_RESTAURANT;2024-03-29;ARS
-7750.00;Fritz y franz. Villa general belgrano. Pagado a medias con dao, total 15500 ars;CATEGORY_FOOD_AND_DRINKS;SUBCATEGORY_COFFEE_RESTAURANT;2024-03-30;ARS
4800.00;Alfajores pagados con efectivo.;CATEGORY_FOOD_AND_DRINKS;SUBCATEGORY_MARKET;2024-03-30;ARS
1950.00;Galletitas y jugo;CATEGORY_FOOD_AND_DRINKS;SUBCATEGORY_COFFEE_RESTAURANT;2024-03-30;ARS
-26250.00;Nafta y mila. Con dai. Total 52500;CATEGORY_VEHICLE;SUBCATEGORY_FUEL;2024-03-30;ARS
1200.00;Imanes. Pagado a medias toral 2400;CATEGORY_SHOPS;SUBCATEGORY_GIFTS;2024-03-30;ARS
-1275.00;Becerra. Pagado a medias con dai. Total 2550 ars;CATEGORY_FOOD_AND_DRINKS;SUBCATEGORY_MARKET;2024-03-31;ARS
-10000.00;Oma frida chocolates. Villa general belgrano.;CATEGORY_SHOPS;SUBCATEGORY_GIFTS;2024-03-31;ARS
-6850.00;Pastas. La piazza. Total 13700 ars pagado a medias con dai.;CATEGORY_FOOD_AND_DRINKS;SUBCATEGORY_COFFEE_RESTAURANT;2024-03-31;ARS
-23200.00;Slainte pub. Sushi. Pos peperina. En realidad es del 1/04 por haber pasado las 12.;CATEGORY_FOOD_AND_DRINKS;SUBCATEGORY_COFFEE_RESTAURANT;2024-04-01;ARS
-2100.00;Panaderia la creacion;CATEGORY_FOOD_AND_DRINKS;SUBCATEGORY_MARKET;2024-04-01;ARS
-17400.00;Alt gas. Tarj debito.;CATEGORY_VEHICLE;SUBCATEGORY_FUEL;2024-04-01;ARS
-3500.00;Bier republik. Cordoba. Evento peperina.;CATEGORY_LEISURE;SUBCATEGORY_ALCOHOL_TOBACCO;2024-04-01;ARS
-15505.00;Villa maria. Estación de servicio.;CATEGORY_VEHICLE;SUBCATEGORY_FUEL;2024-04-01;ARS
-3000.00;Agnosia. Evento Peperina. Córdoba.;CATEGORY_LEISURE;SUBCATEGORY_ALCOHOL_TOBACCO;2024-04-01;ARS
-1550.00;Becerra.;CATEGORY_FOOD_AND_DRINKS;SUBCATEGORY_MARKET;2024-04-01;ARS
-7400.00;Grupo caso. Compras vuelta de cordoba. Estacion de servicio.;CATEGORY_FOOD_AND_DRINKS;SUBCATEGORY_COFFEE_RESTAURANT;2024-04-02;ARS
-46003.00;Axion lima.;CATEGORY_VEHICLE;SUBCATEGORY_FUEL;2024-04-02;ARS
-100000.00;Efectivo papa;CATEGORY_FINANCIAL_EXPENSES;SUBCATEGORY_LOAN;2024-04-04;ARS
-90000.00;Retiro efectivo. Movimiento de 30000 ars y de 60000 ars;CATEGORY_FINANCIAL_EXPENSES;SUBCATEGORY_OTHERS;2024-04-04;ARS
-12320.00;Birras casa rami;CATEGORY_LEISURE;SUBCATEGORY_ALCOHOL_TOBACCO;2024-04-05;ARS
-14000.00;Psico;CATEGORY_HEALTH;SUBCATEGORY_OTHERS;2024-04-05;ARS
9000.00;Plata de Juli y Rami;CATEGORY_FINANCIAL_EXPENSES;SUBCATEGORY_LOAN;2024-04-05;ARS
-34500.00;Cricket parte 1;CATEGORY_VEHICLE;SUBCATEGORY_MAINTENANCE;2024-04-08;ARS
-7000.00;Plata a Dai;CATEGORY_FINANCIAL_EXPENSES;SUBCATEGORY_LOAN;2024-04-08;ARS
-16000.00;Efectivo papá. Movomiento de 61000 ars;CATEGORY_FINANCIAL_EXPENSES;SUBCATEGORY_LOAN;2024-04-08;ARS
-7200.00;Sanguche de vacio mp;CATEGORY_FOOD_AND_DRINKS;SUBCATEGORY_COFFEE_RESTAURANT;2024-04-08;ARS
-6120.00;Dia super;CATEGORY_FOOD_AND_DRINKS;SUBCATEGORY_MARKET;2024-04-08;ARS
-45000.00;Arreglo mecanico regulador. Movomiento de 61000 ars;CATEGORY_VEHICLE;SUBCATEGORY_MAINTENANCE;2024-04-08;ARS
6200.00;Clau;CATEGORY_FINANCIAL_EXPENSES;SUBCATEGORY_LOAN;2024-04-09;ARS
-30500.00;Cricket parte 2;CATEGORY_VEHICLE;SUBCATEGORY_MAINTENANCE;2024-04-09;ARS
-16100.00;Cielo razzo entrada;CATEGORY_LEISURE;SUBCATEGORY_CONCERTS;2024-04-09;ARS
-20000.00;La tacita cumple dai;CATEGORY_FOOD_AND_DRINKS;SUBCATEGORY_COFFEE_RESTAURANT;2024-04-10;ARS
-277963.00;Tarjeta Visa Gold;CATEGORY_FINANCIAL_EXPENSES;SUBCATEGORY_OTHERS;2024-04-11;ARS
-232760.00;Tarjeta Master Gold;CATEGORY_FINANCIAL_EXPENSES;SUBCATEGORY_OTHERS;2024-04-11;ARS
-14000.00;Psico;CATEGORY_HEALTH;SUBCATEGORY_OTHERS;2024-04-13;ARS
-4000.00;Prime triangulito;CATEGORY_HEALTH;SUBCATEGORY_OTHERS;2024-04-13;ARS
22000.00;Transferencia de dai. Agregar detalle;CATEGORY_FINANCIAL_EXPENSES;SUBCATEGORY_LOAN;2024-04-14;ARS
-3800.00;Pochoclos;CATEGORY_FOOD_AND_DRINKS;SUBCATEGORY_COFFEE_RESTAURANT;2024-04-14;ARS
-1800.00;Medialunas;CATEGORY_FOOD_AND_DRINKS;SUBCATEGORY_COFFEE_RESTAURANT;2024-04-15;ARS
-4400.00;Empanadas almuerzo;CATEGORY_FOOD_AND_DRINKS;SUBCATEGORY_COFFEE_RESTAURANT;2024-04-16;ARS
-1000.00;Tramite Antecedentes Penales;CATEGORY_OTHERS;SUBCATEGORY_ADMINISTRATIVE;2024-04-17;ARS
-4000.00;Triangulito birra;CATEGORY_LEISURE;SUBCATEGORY_ALCOHOL_TOBACCO;2024-04-19;ARS
63032.00;Venta de usdt debido a trade de btc;CATEGORY_INVESTMENTS;SUBCATEGORY_OTHERS;2024-04-20;ARS
-1000.00;Pelu fueron 2000 ft mas esto;CATEGORY_HEALTH;SUBCATEGORY_BEAUTY;2024-04-20;ARS
-15000.00;Nafta ifnia;CATEGORY_VEHICLE;SUBCATEGORY_FUEL;2024-04-20;ARS
-13450.00;Mostaza hamburguesa;CATEGORY_FOOD_AND_DRINKS;SUBCATEGORY_COFFEE_RESTAURANT;2024-04-22;ARS
-20000.00;Nadta infinia;CATEGORY_VEHICLE;SUBCATEGORY_FUEL;2024-04-22;ARS
-5100.00;Ensalada teriyaki;CATEGORY_FOOD_AND_DRINKS;SUBCATEGORY_COFFEE_RESTAURANT;2024-04-24;ARS
-14000.00;Psico . Pagado lo del 18-04;CATEGORY_HEALTH;SUBCATEGORY_OTHERS;2024-04-24;ARS
-2050.00;Alfajor;CATEGORY_FOOD_AND_DRINKS;SUBCATEGORY_COFFEE_RESTAURANT;2024-04-24;ARS
-14000.00;Psico;CATEGORY_HEALTH;SUBCATEGORY_OTHERS;2024-04-26;ARS
-10000.00;Nafta infinia;CATEGORY_VEHICLE;SUBCATEGORY_FUEL;2024-04-26;ARS
20000.00;Papa plata prestada mercado pago;CATEGORY_FINANCIAL_EXPENSES;SUBCATEGORY_LOAN;2024-04-26;ARS
1700.00;Plata recibida de rami por kiosco;CATEGORY_FINANCIAL_EXPENSES;SUBCATEGORY_LOAN;2024-04-27;ARS
-4400.00;Nahuel carlos riera kiosco casa rami;CATEGORY_FOOD_AND_DRINKS;SUBCATEGORY_MARKET;2024-04-27;ARS
-4100.00;Puchos y pancho kiosco con rami. Kiosco gabi;CATEGORY_LEISURE;SUBCATEGORY_ALCOHOL_TOBACCO;2024-04-27;ARS
-5000.00;Kiosco quieroretruco pagado con debito;CATEGORY_LEISURE;SUBCATEGORY_ALCOHOL_TOBACCO;2024-04-28;ARS
10000.00;Deudas lolla rami;CATEGORY_INCOME;SUBCATEGORY_REFUND_SHARED_EXPENSES;2024-04-29;ARS
7000.00;Deudas lolla rami;CATEGORY_INCOME;SUBCATEGORY_REFUND_SHARED_EXPENSES;2024-04-30;ARS
-10000.00;Comida dai;CATEGORY_FINANCIAL_EXPENSES;SUBCATEGORY_LOAN;2024-04-30;ARS
-100000.00;Usdt para jime. 1077.5 usdt;CATEGORY_INVESTMENTS;SUBCATEGORY_OTHERS;2024-04-30;ARS
1082393.00;Sueldo Abril;CATEGORY_INCOME;SUBCATEGORY_SALARY;2024-04-30;ARS
-7900.00;Patente fiesta abril. Pagado en transf de 85900;CATEGORY_VEHICLE;SUBCATEGORY_OTHERS;2024-05-01;ARS
-15600.00;Compra dolar mep 15.48 usd. op ejecutada el 3-05;CATEGORY_INVESTMENTS;SUBCATEGORY_OTHERS;2024-05-01;ARS
-232000.00;Silla oficina. Comorada el 26 con efectivo prestado de papa.;CATEGORY_HOUSE_AND_HOME;SUBCATEGORY_OTHERS;2024-05-01;ARS
-30000.00;Prestamo de 10000 efectivo y 20000 ttansf mercadopago de papá. Pagado en transf de 196000;CATEGORY_FINANCIAL_EXPENSES;SUBCATEGORY_LOAN;2024-05-01;ARS
-20100.00;Ribbon;CATEGORY_FOOD_AND_DRINKS;SUBCATEGORY_COFFEE_RESTAURANT;2024-05-01;ARS
-15500.00;Personal abril. Pagado en transf de 85900;CATEGORY_SERVICES;SUBCATEGORY_MOBILE_TELEPHONY;2024-05-01;ARS
-62500.00;Seguro de abril fiesta. Pagado en transf de 85900;CATEGORY_VEHICLE;SUBCATEGORY_INSURANCE;2024-05-01;ARS
-166000.00;Mecanico Regulador etc. 11000 efectivo. Pagado en transf de 196000;CATEGORY_VEHICLE;SUBCATEGORY_MAINTENANCE;2024-05-01;ARS
10000.00;Deuda comida dai;CATEGORY_INCOME;SUBCATEGORY_REFUND_SHARED_EXPENSES;2024-05-02;ARS
-14000.00;Psico;CATEGORY_HEALTH;SUBCATEGORY_OTHERS;2024-05-02;ARS
50000.00;Deudas dai tele;CATEGORY_INCOME;SUBCATEGORY_REFUND_SHARED_EXPENSES;2024-05-02;ARS
15000.00;Deudas lolla rami;CATEGORY_INCOME;SUBCATEGORY_REFUND_SHARED_EXPENSES;2024-05-02;ARS
-40000.00;Compra 40000 en usdt 36.9;CATEGORY_INVESTMENTS;SUBCATEGORY_OTHERS;2024-05-02;ARS
-3300.00;Empanadas 6600 pagas con iago;CATEGORY_FOOD_AND_DRINKS;SUBCATEGORY_COFFEE_RESTAURANT;2024-05-02;ARS
-800.00;App estacionamiento;CATEGORY_VEHICLE;SUBCATEGORY_PARKING;2024-05-02;ARS
-34500.00;Entrada las pasti Claudia;CATEGORY_LEISURE;SUBCATEGORY_CONCERTS;2024-05-03;ARS
-16700.00;Compra de dolares mep para pago de tarjeta. 15600 y 1100. Comprados a 1078 ars.;CATEGORY_FINANCIAL_EXPENSES;SUBCATEGORY_OTHERS;2024-05-03;ARS
-13860.00;Birra y puchos;CATEGORY_LEISURE;SUBCATEGORY_ALCOHOL_TOBACCO;2024-05-04;ARS
-10700.00;La veneciana;CATEGORY_FOOD_AND_DRINKS;SUBCATEGORY_COFFEE_RESTAURANT;2024-05-05;ARS
-9300.00;Birras complejo art media 6200 + 3100;CATEGORY_LEISURE;SUBCATEGORY_ALCOHOL_TOBACCO;2024-05-05;ARS
-1750.00;Panchos tri pagafo a medias 3500;CATEGORY_FOOD_AND_DRINKS;SUBCATEGORY_COFFEE_RESTAURANT;2024-05-05;ARS
-8850.00;Birras;CATEGORY_LEISURE;SUBCATEGORY_ALCOHOL_TOBACCO;2024-05-05;ARS
21000.00;Deuda rami;CATEGORY_INCOME;SUBCATEGORY_REFUND_SHARED_EXPENSES;2024-05-06;ARS
42315.00;Venta de 39 usdt;CATEGORY_INCOME;SUBCATEGORY_OTHERS;2024-05-06;ARS
-11000.00;Hook gym;CATEGORY_SPORTS;SUBCATEGORY_OTHERS;2024-05-06;ARS
-4540.00;Facturas y chipa;CATEGORY_FOOD_AND_DRINKS;SUBCATEGORY_COFFEE_RESTAURANT;2024-05-06;ARS
-10000.00;Nafta infinia;CATEGORY_VEHICLE;SUBCATEGORY_FUEL;2024-05-06;ARS
-9000.00;Nafta infinia;CATEGORY_VEHICLE;SUBCATEGORY_FUEL;2024-05-07;ARS
-1100.00;Barra de cereal;CATEGORY_FOOD_AND_DRINKS;SUBCATEGORY_COFFEE_RESTAURANT;2024-05-08;ARS
-6100.00;Ravioles;CATEGORY_FOOD_AND_DRINKS;SUBCATEGORY_COFFEE_RESTAURANT;2024-05-08;ARS
-14000.00;Psico. Eran 16000 pero se pagan los 2000 la semana que viene;CATEGORY_HEALTH;SUBCATEGORY_OTHERS;2024-05-09;ARS
14000.00;Deuda pagada rami;CATEGORY_INCOME;SUBCATEGORY_REFUND_SHARED_EXPENSES;2024-05-09;ARS
-2900.00;Golosinas;CATEGORY_FOOD_AND_DRINKS;SUBCATEGORY_COFFEE_RESTAURANT;2024-05-12;ARS
-10000.00;Nafta infinia;CATEGORY_VEHICLE;SUBCATEGORY_FUEL;2024-05-12;ARS
-2750.00;Chori y empanadas. Total 5500 pagado con dai en deuda a dai;CATEGORY_INCOME;SUBCATEGORY_REFUND_SHARED_EXPENSES;2024-05-12;ARS
5000.00;Prestamo dai nafta;CATEGORY_INCOME;SUBCATEGORY_REFUND_SHARED_EXPENSES;2024-05-12;ARS
10000.00;Prestamo dai chori;CATEGORY_INCOME;SUBCATEGORY_REFUND_SHARED_EXPENSES;2024-05-12;ARS
-4000.00;Birra y 3d;CATEGORY_FOOD_AND_DRINKS;SUBCATEGORY_COFFEE_RESTAURANT;2024-05-12;ARS
-4500.00;Cosas super casa de dai;CATEGORY_FOOD_AND_DRINKS;SUBCATEGORY_MARKET;2024-05-12;ARS
-5500.00;Chori dai. Aca le debo 2750;CATEGORY_FOOD_AND_DRINKS;SUBCATEGORY_COFFEE_RESTAURANT;2024-05-12;ARS
-381819.00;Tarjeta visa gold;CATEGORY_FINANCIAL_EXPENSES;SUBCATEGORY_OTHERS;2024-05-13;ARS
35120.00;BB megadrop;CATEGORY_INCOME;SUBCATEGORY_EXCHANGE;2024-05-13;ARS
-15000.00;Telo sirocco. Total 30000 con dai;CATEGORY_LEISURE;SUBCATEGORY_HOTELS;2024-05-13;ARS
-17088.00;Personal abril;CATEGORY_SERVICES;SUBCATEGORY_MOBILE_TELEPHONY;2024-05-13;ARS
-12000.00;Nadta infinia;CATEGORY_VEHICLE;SUBCATEGORY_FUEL;2024-05-15;ARS
20486.00;19 usdt sacados de ahorros.;CATEGORY_INVESTMENTS;SUBCATEGORY_CRYPTOCURRENCY;2024-05-15;ARS
-4200.00;Kado comida japonesa;CATEGORY_FOOD_AND_DRINKS;SUBCATEGORY_COFFEE_RESTAURANT;2024-05-15;ARS
114000.00;Plata prestada papa. Usados para comprar 104.15 usdt.;CATEGORY_FINANCIAL_EXPENSES;SUBCATEGORY_LOAN;2024-05-16;ARS
-3567.00;"Dif entre lo ingresado a bybit y lo retirado.
114000 - (55603+54830) = 114000 - 110433 = 3567";CATEGORY_FINANCIAL_EXPENSES;SUBCATEGORY_OTHERS;2024-05-18;ARS
1800.00;Pago de rami puchos;CATEGORY_INCOME;SUBCATEGORY_REFUND_SHARED_EXPENSES;2024-05-18;ARS
8437.00;Pago de rami pizza libre;CATEGORY_INCOME;SUBCATEGORY_REFUND_SHARED_EXPENSES;2024-05-18;ARS
-6200.00;Tuenti;CATEGORY_SERVICES;SUBCATEGORY_MOBILE_TELEPHONY;2024-05-18;ARS
7000.00;Pedidos ya dai.;CATEGORY_INCOME;SUBCATEGORY_REFUND_SHARED_EXPENSES;2024-05-19;ARS
7000.00;Entrada maria becerra - entrada residente = 43000. Cuota de dai de la tele de 50000 - 43000 son estos 7000. Transferencia de 22500.;CATEGORY_INCOME;SUBCATEGORY_REFUND_SHARED_EXPENSES;2024-05-19;ARS
-8500.00;Le ble. Total 17000. Pagado a medias con dai.  Transf de 22500.;CATEGORY_FOOD_AND_DRINKS;SUBCATEGORY_COFFEE_RESTAURANT;2024-05-19;ARS
-10.00;Ppi;CATEGORY_INVESTMENTS;SUBCATEGORY_OTHERS;2024-05-20;ARS
4500.00;Pago viaticos transporte;CATEGORY_INCOME;SUBCATEGORY_SALARY;2024-05-20;ARS
-15000.00;Nafta infinia;CATEGORY_VEHICLE;SUBCATEGORY_FUEL;2024-05-20;ARS
6100.00;Descuentos nafta infinia;CATEGORY_INCOME;SUBCATEGORY_REFUND_SHARED_EXPENSES;2024-05-20;ARS
3183.73;Trading bttc por 2.81 usdt;CATEGORY_INCOME;SUBCATEGORY_REFUND_SHARED_EXPENSES;2024-05-21;ARS
-4200.00;Comida Kado;CATEGORY_FOOD_AND_DRINKS;SUBCATEGORY_COFFEE_RESTAURANT;2024-05-22;ARS
-1800.00;Psico 16000 + 2000 sesion anterior;CATEGORY_HEALTH;SUBCATEGORY_OTHERS;2024-05-22;ARS
-2700.00;Fotocopias taller de lecto;CATEGORY_EDUCATION_AND_DEVELOPMENT;SUBCATEGORY_OTHERS;2024-05-23;ARS
-2500.00;Puchos y pañuelitos;CATEGORY_LEISURE;SUBCATEGORY_ALCOHOL_TOBACCO;2024-05-27;ARS
-15000.00;Nafta infinia;CATEGORY_VEHICLE;SUBCATEGORY_FUEL;2024-05-27;ARS
-3630.00;Coca para el fernu. Ya era 27 porque habian pasado las 12;CATEGORY_LEISURE;SUBCATEGORY_ALCOHOL_TOBACCO;2024-05-27;ARS
-1100.00;Panaderia wilson;CATEGORY_FOOD_AND_DRINKS;SUBCATEGORY_MARKET;2024-05-27;ARS
-1900.00;Willy;CATEGORY_FOOD_AND_DRINKS;SUBCATEGORY_MARKET;2024-05-27;ARS
-11050.00;Zapatilla;CATEGORY_SHOPS;SUBCATEGORY_ELECTRONICS;2024-05-28;ARS
-16000.00;Psico del 23-05;CATEGORY_HEALTH;SUBCATEGORY_OTHERS;2024-05-28;ARS
-4000.00;Sanguches de miga;CATEGORY_FOOD_AND_DRINKS;SUBCATEGORY_COFFEE_RESTAURANT;2024-05-29;ARS
8000.00;Pedidos ya con dai miti y miti. Transaccion de +3000, +5000 y -5455. Gasto de 21000;CATEGORY_INCOME;SUBCATEGORY_SALARY;2024-05-30;ARS
-9000.00;Compra usdt para megadrop;CATEGORY_INVESTMENTS;SUBCATEGORY_OTHERS;2024-06-01;ARS
-9000.00;Compra de usdt para megadrop. Fuerron erroneamente suscritos junto con el resto de bnb.;CATEGORY_INVESTMENTS;SUBCATEGORY_OTHERS;2024-06-01;ARS
1081393.00;Pago eldar mayo;CATEGORY_INCOME;SUBCATEGORY_SALARY;2024-06-01;ARS
-55000.00;Wantaco. Transferencia de 30000 pago con tarjeta y 25000 a dai porque pense que ella habia pagado. Tambien incluye trans de +55000 devolviendome ella los 25000 mas los 30000 del telo;CATEGORY_FOOD_AND_DRINKS;SUBCATEGORY_COFFEE_RESTAURANT;2024-06-02;ARS
-15750.00;Comida y nafta 5000 nafta + 2750 parrilla + 8000 nafta o comida;CATEGORY_VEHICLE;SUBCATEGORY_FUEL;2024-06-04;ARS
-15900.00;Gastos vacaciones a dai;CATEGORY_LEISURE;SUBCATEGORY_HOTELS;2024-06-04;ARS
-64000.00;Deuda a papa 114000 - 50000 que ya habian sido pagados. Esto era lo de los usdt;CATEGORY_FINANCIAL_EXPENSES;SUBCATEGORY_LOAN;2024-06-04;ARS
-65708.00;Sancor seguros cerrado 22  de mayo a papa;CATEGORY_VEHICLE;SUBCATEGORY_INSURANCE;2024-06-04;ARS
5500.00;Youtube music y netflix de dai 1200(eran en realidad 1300)+4300;CATEGORY_INCOME;SUBCATEGORY_REFUND_SHARED_EXPENSES;2024-06-04;ARS
-20000.00;Deuda efectivo;CATEGORY_FINANCIAL_EXPENSES;SUBCATEGORY_LOAN;2024-06-04;ARS
-16000.00;Psico del jueves 30-05;CATEGORY_HEALTH;SUBCATEGORY_OTHERS;2024-06-04;ARS
-10000.00;Nafta infinia;CATEGORY_VEHICLE;SUBCATEGORY_FUEL;2024-06-06;ARS
-228501.00;Tarjeta Visa Gold;CATEGORY_FINANCIAL_EXPENSES;SUBCATEGORY_OTHERS;2024-06-10;ARS
-12000.00;Nafta infinia;CATEGORY_VEHICLE;SUBCATEGORY_FUEL;2024-06-10;ARS
-2500.00;Estacionamiento inst garber;CATEGORY_VEHICLE;SUBCATEGORY_PARKING;2024-06-10;ARS
-25813.60;Modafinilo;CATEGORY_HEALTH;SUBCATEGORY_OTHERS;2024-06-11;ARS
-1000.00;Sem3f caseros;CATEGORY_VEHICLE;SUBCATEGORY_PARKING;2024-06-11;ARS
15000.00;Ultima cuota plata entrada lolla rami;CATEGORY_INCOME;SUBCATEGORY_REFUND_SHARED_EXPENSES;2024-06-12;ARS
-60000.00;Parte del seguro de junio del fiesta;CATEGORY_VEHICLE;SUBCATEGORY_INSURANCE;2024-06-12;ARS
-4400.00;Kado;CATEGORY_FOOD_AND_DRINKS;SUBCATEGORY_COFFEE_RESTAURANT;2024-06-12;ARS
-7900.00;Kainos;CATEGORY_FOOD_AND_DRINKS;SUBCATEGORY_COFFEE_RESTAURANT;2024-06-13;ARS
-10000.00;Nafta infinia;CATEGORY_VEHICLE;SUBCATEGORY_FUEL;2024-06-13;ARS
-3800.00;Agua destilada;CATEGORY_VEHICLE;SUBCATEGORY_MAINTENANCE;2024-06-13;ARS
-149839.65;Bono dicp;CATEGORY_INVESTMENTS;SUBCATEGORY_OTHERS;2024-06-13;ARS
7500.00;Bono viáticos;CATEGORY_INCOME;SUBCATEGORY_SALARY;2024-06-14;ARS
-6397.00;Empanadas;CATEGORY_FOOD_AND_DRINKS;SUBCATEGORY_COFFEE_RESTAURANT;2024-06-14;ARS
-65576.00;Vacuna QDenga;CATEGORY_HEALTH;SUBCATEGORY_OTHERS;2024-06-15;ARS
-15000.00;Nafta infinia;CATEGORY_VEHICLE;SUBCATEGORY_FUEL;2024-06-15;ARS
-22500.00;Joker;CATEGORY_LEISURE;SUBCATEGORY_HOTELS;2024-06-17;ARS
-9450.00;Hamburguesas pagadas mitad con puchi. Total 18879 ars;CATEGORY_FOOD_AND_DRINKS;SUBCATEGORY_COFFEE_RESTAURANT;2024-06-18;ARS
540696.50;Adelanto de sueldo. Funciono como aguinaldo;CATEGORY_INCOME;SUBCATEGORY_SALARY;2024-06-19;ARS
-7000.00;Tuenti combo;CATEGORY_SERVICES;SUBCATEGORY_MOBILE_TELEPHONY;2024-06-19;ARS
-2200.00;Medialunas;CATEGORY_FOOD_AND_DRINKS;SUBCATEGORY_COFFEE_RESTAURANT;2024-06-19;ARS
-16000.00;Psico del lunes 17-05;CATEGORY_HEALTH;SUBCATEGORY_OTHERS;2024-06-19;ARS
-15700.00;Plata que le debia a jime de binance. Cuenta como ingresada a ahorros.;CATEGORY_FINANCIAL_EXPENSES;SUBCATEGORY_OTHERS;2024-06-20;ARS
-10169.00;Verduras y merluza con dai. Total 20169 ars;CATEGORY_FOOD_AND_DRINKS;SUBCATEGORY_COFFEE_RESTAURANT;2024-06-21;ARS
-16000.00;Psico ayer (lunes);CATEGORY_HEALTH;SUBCATEGORY_OTHERS;2024-06-24;ARS
-66000.00;Usdt binance;CATEGORY_INVESTMENTS;SUBCATEGORY_OTHERS;2024-06-24;ARS
-65300.00;Usdt para jime (50 usdt aprox);CATEGORY_INVESTMENTS;SUBCATEGORY_OTHERS;2024-06-24;ARS
-3200.00;Cafe y pan arabe;CATEGORY_FOOD_AND_DRINKS;SUBCATEGORY_COFFEE_RESTAURANT;2024-06-25;ARS
-1000.00;Crédito sem 3f;CATEGORY_VEHICLE;SUBCATEGORY_PARKING;2024-06-25;ARS
-5800.00;Fideos fiserv;CATEGORY_FOOD_AND_DRINKS;SUBCATEGORY_COFFEE_RESTAURANT;2024-06-27;ARS
540696.00;Sueldo eldar: parte del sueldo que faltaba.;CATEGORY_INCOME;SUBCATEGORY_SALARY;2024-06-28;ARS
-9922.00;Seguro lo que faltaba;CATEGORY_VEHICLE;SUBCATEGORY_INSURANCE;2024-06-28;ARS
565929.00;SAC. Pagado en dos partes 565929 ars;CATEGORY_INCOME;SUBCATEGORY_SALARY;2024-06-28;ARS
-13990.00;Cosas de libreria;CATEGORY_HOUSE_AND_HOME;SUBCATEGORY_TOOLS;2024-06-28;ARS
-5000.00;Juego de escape. Total 10000 pagado con dai;CATEGORY_LEISURE;SUBCATEGORY_OTHERS;2024-06-29;ARS
-24500.00;Vieja casa Bassavilbaso;CATEGORY_FOOD_AND_DRINKS;SUBCATEGORY_COFFEE_RESTAURANT;2024-06-29;ARS
-5600.00;Helado chocorisimo;CATEGORY_FOOD_AND_DRINKS;SUBCATEGORY_COFFEE_RESTAURANT;2024-06-29;ARS
-2000.00;Aquarius;CATEGORY_FOOD_AND_DRINKS;SUBCATEGORY_COFFEE_RESTAURANT;2024-06-30;ARS
-20000.00;Nafta infinia ypf;CATEGORY_VEHICLE;SUBCATEGORY_FUEL;2024-06-30;ARS
-3620.00;Pizza 7120 total - 3500 de dai;CATEGORY_FOOD_AND_DRINKS;SUBCATEGORY_COFFEE_RESTAURANT;2024-06-30;ARS
-8000.00;Hook evento;CATEGORY_LEISURE;SUBCATEGORY_EVENTS;2024-06-30;ARS
-5600.00;Cafeteria.  Tx de 13500. 13500 - 7900 pagado con dai. Hay otra tx de 5600 pero no es esta.;CATEGORY_FOOD_AND_DRINKS;SUBCATEGORY_COFFEE_RESTAURANT;2024-07-01;ARS
-141000.00;Usdt a bybit. Inversion extraible. 99.84 usdt a 1412 ars aprox. EXTRAIDA;CATEGORY_INVESTMENTS;SUBCATEGORY_OTHERS;2024-07-02;ARS
-280000.00;Compra de 199.9 usdt para btc binance. Usdt a 1400.7 ars;CATEGORY_INVESTMENTS;SUBCATEGORY_OTHERS;2024-07-03;ARS
-1200.00;Sem san martin;CATEGORY_VEHICLE;SUBCATEGORY_PARKING;2024-07-03;ARS
-24000.00;Campanopolis;CATEGORY_LEISURE;SUBCATEGORY_CONCERTS;2024-07-03;ARS
-33120.00;Standup lauriente;CATEGORY_LEISURE;SUBCATEGORY_CONCERTS;2024-07-04;ARS
-141100.00;Compra de 100 usdt bybit. Extraible. Usdt a 1411 ars;CATEGORY_INVESTMENTS;SUBCATEGORY_OTHERS;2024-07-04;ARS
-70050.00;Usdt para jime. Dinero extraible. Usdt a 1430 ars. EXTRAIDA;CATEGORY_INVESTMENTS;SUBCATEGORY_OTHERS;2024-07-04;ARS
-50.00;Cuenta ypf;CATEGORY_VEHICLE;SUBCATEGORY_FUEL;2024-07-05;ARS
-70500.00;49.3 usdt en bybit .inversion extraible. Usdt a 1430 ars. EXTRAIDA;CATEGORY_INVESTMENTS;SUBCATEGORY_OTHERS;2024-07-05;ARS
-7500.00;Gel eros;CATEGORY_HEALTH;SUBCATEGORY_OTHERS;2024-07-05;ARS
-4500.00;Pochoclos;CATEGORY_FOOD_AND_DRINKS;SUBCATEGORY_COFFEE_RESTAURANT;2024-07-05;ARS
-30000.00;Nafta infinia;CATEGORY_VEHICLE;SUBCATEGORY_FUEL;2024-07-05;ARS
-8300.00;Golosinas para puchi;CATEGORY_SHOPS;SUBCATEGORY_GIFTS;2024-07-05;ARS
-5000.00;Pelu zocco;CATEGORY_HEALTH;SUBCATEGORY_BEAUTY;2024-07-05;ARS
-6200.00;Parrilla del rey;CATEGORY_FOOD_AND_DRINKS;SUBCATEGORY_COFFEE_RESTAURANT;2024-07-06;ARS
-8000.00;Comida campanopolis;CATEGORY_FOOD_AND_DRINKS;SUBCATEGORY_COFFEE_RESTAURANT;2024-07-06;ARS
-34150.00;Telo sirocco. Total 68300 pagado con dai;CATEGORY_LEISURE;SUBCATEGORY_HOTELS;2024-07-07;ARS
-10650.00;Mostaza. Total 21300 pagado con dai;CATEGORY_FOOD_AND_DRINKS;SUBCATEGORY_COFFEE_RESTAURANT;2024-07-07;ARS
-23800.00;Sushi. Total 47600 pagado a medias con dai;CATEGORY_FOOD_AND_DRINKS;SUBCATEGORY_COFFEE_RESTAURANT;2024-07-07;ARS
-13350.00;Vinos santa julia;CATEGORY_LEISURE;SUBCATEGORY_ALCOHOL_TOBACCO;2024-07-07;ARS
-2000.00;Sube;CATEGORY_TRANSPORTATION;SUBCATEGORY_PUBLIC;2024-07-07;ARS
-63961.00;Tarjeta Master Gold;CATEGORY_FINANCIAL_EXPENSES;SUBCATEGORY_OTHERS;2024-07-08;ARS
-169144.00;Tarjeta Visa Gold;CATEGORY_FINANCIAL_EXPENSES;SUBCATEGORY_OTHERS;2024-07-08;ARS
-70000.00;Pastillas de freno;CATEGORY_VEHICLE;SUBCATEGORY_MAINTENANCE;2024-07-09;ARS
-1500.00;Pan;CATEGORY_FOOD_AND_DRINKS;SUBCATEGORY_MARKET;2024-07-09;ARS
-1150.00;Barra de cereal;CATEGORY_FOOD_AND_DRINKS;SUBCATEGORY_COFFEE_RESTAURANT;2024-07-10;ARS
-42000.00;Bybit 29.74 usdt para ganar cupon. Inversión extraíble. Usdt a 1412. EXTRAIDA.;CATEGORY_INVESTMENTS;SUBCATEGORY_OTHERS;2024-07-11;ARS
6000.00;Sueldo eldar ??;CATEGORY_INCOME;SUBCATEGORY_SALARY;2024-07-12;ARS
-16000.00;Psicologa ines;CATEGORY_HEALTH;SUBCATEGORY_OTHERS;2024-07-13;ARS
-17000.00;Retiro de efectivo (maracaibo seba);CATEGORY_FINANCIAL_EXPENSES;SUBCATEGORY_OTHERS;2024-07-13;ARS
-12000.00;Maracaibo. Pague con debito. Me transfirieron rami y el perce. Seba ne dio 17000 en efectivo. Transaccion de 60300. 60300 - (12900 + 17400 + 500 + 500) - 17000;CATEGORY_HEALTH;SUBCATEGORY_OTHERS;2024-07-13;ARS
-10250.00;Pastas. 21500 total con dai;CATEGORY_FOOD_AND_DRINKS;SUBCATEGORY_COFFEE_RESTAURANT;2024-07-14;ARS
-5000.00;Masajes masoterapeuta. 1/2 total 10000 ars;CATEGORY_HEALTH;SUBCATEGORY_OTHERS;2024-07-15;ARS
70563.00;Retiro usdt jime. 52 usdt;CATEGORY_INCOME;SUBCATEGORY_REFUND_SHARED_EXPENSES;2024-07-16;ARS
-1000.00;Sem 3 f;CATEGORY_VEHICLE;SUBCATEGORY_PARKING;2024-07-16;ARS
-9050.00;Globito mila napo;CATEGORY_FOOD_AND_DRINKS;SUBCATEGORY_COFFEE_RESTAURANT;2024-07-17;ARS
-950.00;Barra cereal;CATEGORY_FOOD_AND_DRINKS;SUBCATEGORY_COFFEE_RESTAURANT;2024-07-17;ARS
-11800.00;Gourmet ternera papas españolas;CATEGORY_FOOD_AND_DRINKS;SUBCATEGORY_COFFEE_RESTAURANT;2024-07-20;ARS
-10000.00;Vinos santa julia;CATEGORY_LEISURE;SUBCATEGORY_ALCOHOL_TOBACCO;2024-07-21;ARS
-16000.00;Ines psico lunes 15-07;CATEGORY_HEALTH;SUBCATEGORY_OTHERS;2024-07-22;ARS
-7700.00;Tuenti Combo hit;CATEGORY_SERVICES;SUBCATEGORY_MOBILE_TELEPHONY;2024-07-23;ARS
-9500.00;Regalo primos;CATEGORY_SHOPS;SUBCATEGORY_GIFTS;2024-07-23;ARS
98913.00;Inversion de bybit extraída. Eran 49.3 isdt y de vendieron 72.39 usdt a 1360 aprox;CATEGORY_INCOME;SUBCATEGORY_REFUND_SHARED_EXPENSES;2024-07-23;ARS
-16000.00;Ines psico  lunes 22-07;CATEGORY_HEALTH;SUBCATEGORY_OTHERS;2024-07-23;ARS
-71200.00;Seguro fiesta julio;CATEGORY_VEHICLE;SUBCATEGORY_INSURANCE;2024-07-23;ARS
40476.00;Venta de 29.74 usdt a 1360 aprox. Se perdieron 1524 ars.;CATEGORY_INCOME;SUBCATEGORY_REFUND_SHARED_EXPENSES;2024-07-23;ARS
-9000.00;Seguro fiesta junio p2;CATEGORY_VEHICLE;SUBCATEGORY_INSURANCE;2024-07-23;ARS
-23712.00;Parque de la costa. Total 94848 pagado con dai. Incluye transaccion de -94848 y de +71136.;CATEGORY_LEISURE;SUBCATEGORY_OTHERS;2024-07-26;ARS
152588.00;Retiro 112.52 usdt a 1356 ars;CATEGORY_INCOME;SUBCATEGORY_REFUND_SHARED_EXPENSES;2024-07-26;ARS
-20400.00;;CATEGORY_VEHICLE;SUBCATEGORY_FUEL;2024-07-27;ARS
-19616.56;Cine intensamente;CATEGORY_LEISURE;SUBCATEGORY_CINEMA_AND_THEATER;2024-07-27;ARS
-10000.00;Karting;CATEGORY_LEISURE;SUBCATEGORY_OTHERS;2024-07-27;ARS
-22300.00;Comida tri;CATEGORY_FOOD_AND_DRINKS;SUBCATEGORY_COFFEE_RESTAURANT;2024-07-27;ARS
-15000.00;Retiro de efectivo;CATEGORY_FINANCIAL_EXPENSES;SUBCATEGORY_OTHERS;2024-07-28;ARS
-22500.00;Ñoquis jose;CATEGORY_FOOD_AND_DRINKS;SUBCATEGORY_COFFEE_RESTAURANT;2024-07-29;ARS
-25500.00;Nafta infinia;CATEGORY_VEHICLE;SUBCATEGORY_FUEL;2024-07-31;ARS
-90000.00;Rueda;CATEGORY_VEHICLE;SUBCATEGORY_MAINTENANCE;2024-07-31;ARS
1390671.00;Salario eldar julio;CATEGORY_INCOME;SUBCATEGORY_SALARY;2024-07-31;ARS
-7900.00;Comida la ideal total 31900;CATEGORY_FOOD_AND_DRINKS;SUBCATEGORY_COFFEE_RESTAURANT;2024-08-03;ARS
-23250.00;Langostino y salmon sushi;CATEGORY_FOOD_AND_DRINKS;SUBCATEGORY_COFFEE_RESTAURANT;2024-08-03;ARS
-24000.00;Retiro efectivo en La Ideal;CATEGORY_FINANCIAL_EXPENSES;SUBCATEGORY_OTHERS;2024-08-03;ARS
-271300.00;Usdt bybit. Transacción de 272000. Extraidos 100 usdt.;CATEGORY_INVESTMENTS;SUBCATEGORY_OTHERS;2024-08-03;ARS
-4500.00;Helado;CATEGORY_FOOD_AND_DRINKS;SUBCATEGORY_COFFEE_RESTAURANT;2024-08-03;ARS
-21230.00;Zapatillas. Cuota 2 a clau;CATEGORY_SHOPS;SUBCATEGORY_CLOTHES_AND_SHOES;2024-08-05;ARS
-6000.00;Pizza en lo de dai;CATEGORY_FOOD_AND_DRINKS;SUBCATEGORY_COFFEE_RESTAURANT;2024-08-05;ARS
-8000.00;Cambio y armado rueda;CATEGORY_VEHICLE;SUBCATEGORY_MAINTENANCE;2024-08-06;ARS
-3200.00;Pancitos de queso;CATEGORY_FOOD_AND_DRINKS;SUBCATEGORY_COFFEE_RESTAURANT;2024-08-08;ARS
-6100.00;Empanadas. Total 10300 con iago;CATEGORY_FOOD_AND_DRINKS;SUBCATEGORY_COFFEE_RESTAURANT;2024-08-08;ARS
-2000.00;Agua destilada;CATEGORY_VEHICLE;SUBCATEGORY_MAINTENANCE;2024-08-08;ARS
-69000.00;Airbag entradas total;CATEGORY_LEISURE;SUBCATEGORY_CONCERTS;2024-08-09;ARS
-6000.00;Sem 3 f. En dos transacciones: 1000 y 5000 ars;CATEGORY_VEHICLE;SUBCATEGORY_PARKING;2024-08-09;ARS
-25460.00;Nadta infinia;CATEGORY_VEHICLE;SUBCATEGORY_FUEL;2024-08-09;ARS
-16000.00;Ines psico lunes 5-08;CATEGORY_HEALTH;SUBCATEGORY_OTHERS;2024-08-09;ARS
-60000.00;Cambio de depósito de agua fiesta;CATEGORY_VEHICLE;SUBCATEGORY_MAINTENANCE;2024-08-12;ARS
-31000.00;Hamburguesa y pool ivan;CATEGORY_FOOD_AND_DRINKS;SUBCATEGORY_COFFEE_RESTAURANT;2024-08-12;ARS
-131600.00;Bybit usdt para salario infinito. No extraible;CATEGORY_INVESTMENTS;SUBCATEGORY_OTHERS;2024-08-12;ARS
-63961.00;Mastercard gold;CATEGORY_FINANCIAL_EXPENSES;SUBCATEGORY_OTHERS;2024-08-12;ARS
-295319.00;293341 + 1978 visa gold;CATEGORY_FINANCIAL_EXPENSES;SUBCATEGORY_OTHERS;2024-08-12;ARS
-5500.00;Masoterapia p1;CATEGORY_HEALTH;SUBCATEGORY_OTHERS;2024-08-13;ARS
-5800.00;Kado;CATEGORY_FOOD_AND_DRINKS;SUBCATEGORY_COFFEE_RESTAURANT;2024-08-14;ARS
5598.00;Dai youtube y netflix;CATEGORY_INCOME;SUBCATEGORY_REFUND_SHARED_EXPENSES;2024-08-15;ARS
-17400.00;Heladp luan;CATEGORY_FOOD_AND_DRINKS;SUBCATEGORY_COFFEE_RESTAURANT;2024-08-15;ARS
6000.00;Viaticos;CATEGORY_INCOME;SUBCATEGORY_SALARY;2024-08-16;ARS
-149500.00;Enves la vela puerca;CATEGORY_LEISURE;SUBCATEGORY_CONCERTS;2024-08-16;ARS
-3750.00;Coca;CATEGORY_LEISURE;SUBCATEGORY_ALCOHOL_TOBACCO;2024-08-17;ARS
-8140.00;Papitas;CATEGORY_FOOD_AND_DRINKS;SUBCATEGORY_COFFEE_RESTAURANT;2024-08-17;ARS
-5000.00;Medialunas;CATEGORY_FOOD_AND_DRINKS;SUBCATEGORY_COFFEE_RESTAURANT;2024-08-18;ARS
-7321.00;Maracuya;CATEGORY_FOOD_AND_DRINKS;SUBCATEGORY_MARKET;2024-08-18;ARS
-26000.00;Nafta infinia;CATEGORY_VEHICLE;SUBCATEGORY_FUEL;2024-08-21;ARS
-20000.00;Psico lunes 19-08;CATEGORY_HEALTH;SUBCATEGORY_OTHERS;2024-08-21;ARS
175642.00;Vendidos 100 usdt del 3 ago que ahora son 119.38 usdt;CATEGORY_INCOME;SUBCATEGORY_REFUND_SHARED_EXPENSES;2024-08-21;ARS
-700.00;Criollitas;CATEGORY_FOOD_AND_DRINKS;SUBCATEGORY_COFFEE_RESTAURANT;2024-08-21;ARS
-75740.00;Seguro fiesta;CATEGORY_VEHICLE;SUBCATEGORY_INSURANCE;2024-08-22;ARS
-30000.00;Cabezal silla y efectivo;CATEGORY_HOUSE_AND_HOME;SUBCATEGORY_OTHERS;2024-08-22;ARS
-17000.00;Diferencia entre cuota de 100k ars pagada con debito por dai y primera cuota de 166k ars divida en dos (83 aprox) pagada por mi con Visa gold credito.;CATEGORY_LEISURE;SUBCATEGORY_HOTELS;2024-08-23;ARS
-8200.00;Combo hit 6 gb tuenti;CATEGORY_SERVICES;SUBCATEGORY_MOBILE_TELEPHONY;2024-08-23;ARS
-9000.00;Efectivo;CATEGORY_FINANCIAL_EXPENSES;SUBCATEGORY_OTHERS;2024-08-25;ARS
-3000.00;Arito nariz;CATEGORY_HEALTH;SUBCATEGORY_BEAUTY;2024-08-27;ARS
-7200.00;Kado;CATEGORY_FOOD_AND_DRINKS;SUBCATEGORY_COFFEE_RESTAURANT;2024-08-28;ARS
-4550.00;Cafe;CATEGORY_FOOD_AND_DRINKS;SUBCATEGORY_COFFEE_RESTAURANT;2024-08-28;ARS
20000.00;Entrada ratones rami p1;CATEGORY_INCOME;SUBCATEGORY_REFUND_SHARED_EXPENSES;2024-08-29;ARS
1390671.00;Salario eldar agosto;CATEGORY_INCOME;SUBCATEGORY_SALARY;2024-08-30;ARS
-7000.00;Pelu;CATEGORY_HEALTH;SUBCATEGORY_BEAUTY;2024-08-31;ARS
-6500.00;Kiosco birra reci;CATEGORY_LEISURE;SUBCATEGORY_ALCOHOL_TOBACCO;2024-08-31;ARS
-11600.00;Parrilla;CATEGORY_FOOD_AND_DRINKS;SUBCATEGORY_COFFEE_RESTAURANT;2024-09-01;ARS
-8000.00;Panchito;CATEGORY_FOOD_AND_DRINKS;SUBCATEGORY_COFFEE_RESTAURANT;2024-09-01;ARS
-10350.00;Super chino comida light;CATEGORY_FOOD_AND_DRINKS;SUBCATEGORY_MARKET;2024-09-02;ARS
-20000.00;Psico lunes 26-08;CATEGORY_HEALTH;SUBCATEGORY_OTHERS;2024-09-02;ARS
-10000.00;Agua destilada y liquido refrigerante;CATEGORY_VEHICLE;SUBCATEGORY_MAINTENANCE;2024-09-02;ARS
-21230.00;Zapatillas. Cuota 3 a clau;CATEGORY_SHOPS;SUBCATEGORY_CLOTHES_AND_SHOES;2024-09-02;ARS
-5411.00;Gasas , talco y sol fisio;CATEGORY_HEALTH;SUBCATEGORY_MEDICAL_SUPPLIES;2024-09-02;ARS
-21250.00;Nafta infinia ypf;CATEGORY_VEHICLE;SUBCATEGORY_FUEL;2024-09-02;ARS
-20000.00;Psico hoy;CATEGORY_HEALTH;SUBCATEGORY_OTHERS;2024-09-03;ARS
-2600.00;Cafe y alfajor untref;CATEGORY_FOOD_AND_DRINKS;SUBCATEGORY_COFFEE_RESTAURANT;2024-09-03;ARS
5000.00;Plata entrada rami;CATEGORY_INCOME;SUBCATEGORY_REFUND_SHARED_EXPENSES;2024-09-03;ARS
-3850.00;Galletitas fiserv;CATEGORY_FOOD_AND_DRINKS;SUBCATEGORY_COFFEE_RESTAURANT;2024-09-04;ARS
-6650.00;4850 facturas + 1800 cepita;CATEGORY_FOOD_AND_DRINKS;SUBCATEGORY_COFFEE_RESTAURANT;2024-09-05;ARS
-3000.00;Estacionamiento sem san martin;CATEGORY_VEHICLE;SUBCATEGORY_PARKING;2024-09-05;ARS
-28200.00;Hutch;CATEGORY_FOOD_AND_DRINKS;SUBCATEGORY_COFFEE_RESTAURANT;2024-09-05;ARS
-27662.00;Modafinilo;CATEGORY_FOOD_AND_DRINKS;SUBCATEGORY_COFFEE_RESTAURANT;2024-09-06;ARS
-29250.00;Telo sirocco;CATEGORY_LEISURE;SUBCATEGORY_HOTELS;2024-09-08;ARS
-17800.00;Sanguchito y jugos shopping;CATEGORY_FOOD_AND_DRINKS;SUBCATEGORY_COFFEE_RESTAURANT;2024-09-08;ARS
-3700.00;Hielo;CATEGORY_LEISURE;SUBCATEGORY_ALCOHOL_TOBACCO;2024-09-08;ARS
-8000.00;Fernet carmo rami;CATEGORY_LEISURE;SUBCATEGORY_ALCOHOL_TOBACCO;2024-09-08;ARS
-30000.00;Nafta infinia;CATEGORY_VEHICLE;SUBCATEGORY_FUEL;2024-09-08;ARS
-420915.00;Tarjeta Visa Gold;CATEGORY_FINANCIAL_EXPENSES;SUBCATEGORY_OTHERS;2024-09-09;ARS
-63961.00;Tarjeta Master Gold;CATEGORY_FINANCIAL_EXPENSES;SUBCATEGORY_OTHERS;2024-09-09;ARS
-20000.00;Ines psico lunes 9-09;CATEGORY_HEALTH;SUBCATEGORY_OTHERS;2024-09-10;ARS
-6000.00;Efectivo mamá;CATEGORY_FINANCIAL_EXPENSES;SUBCATEGORY_OTHERS;2024-09-10;ARS
-2500.00;Yogur con cereales;CATEGORY_FOOD_AND_DRINKS;SUBCATEGORY_COFFEE_RESTAURANT;2024-09-10;ARS
-8500.00;Estacionamiento Paraguay;CATEGORY_VEHICLE;SUBCATEGORY_PARKING;2024-09-10;ARS
-30000.00;Nafta infinia;CATEGORY_VEHICLE;SUBCATEGORY_FUEL;2024-09-11;ARS
-2100.00;Cafe medialunas;CATEGORY_FOOD_AND_DRINKS;SUBCATEGORY_COFFEE_RESTAURANT;2024-09-11;ARS
-7800.00;El globito;CATEGORY_FOOD_AND_DRINKS;SUBCATEGORY_COFFEE_RESTAURANT;2024-09-11;ARS
-127000.00;Cedear nvidia 21 titulos. 6320 ars aprox;CATEGORY_INVESTMENTS;SUBCATEGORY_OTHERS;2024-09-12;ARS
-125300.00;Dolar mep de dai. 100 a 1253 ars aprox;CATEGORY_INVESTMENTS;SUBCATEGORY_OTHERS;2024-09-12;ARS
-42250.00;Alcohol. Cumple. Impuesto;CATEGORY_LEISURE;SUBCATEGORY_ALCOHOL_TOBACCO;2024-09-13;ARS
-5800.00;Birras con rami;CATEGORY_LEISURE;SUBCATEGORY_ALCOHOL_TOBACCO;2024-09-14;ARS
-15000.00;Carmo vinos santa julia;CATEGORY_LEISURE;SUBCATEGORY_ALCOHOL_TOBACCO;2024-09-14;ARS
-31650.00;Fabric sushi. Pagado a medias con dai. Total: 61650;CATEGORY_FOOD_AND_DRINKS;SUBCATEGORY_COFFEE_RESTAURANT;2024-09-14;ARS
-2500.00;Birra;CATEGORY_LEISURE;SUBCATEGORY_ALCOHOL_TOBACCO;2024-09-15;ARS
6000.00;Pago viaticos transporte;CATEGORY_INCOME;SUBCATEGORY_SALARY;2024-09-16;ARS
-4900.00;Kado;CATEGORY_FOOD_AND_DRINKS;SUBCATEGORY_COFFEE_RESTAURANT;2024-09-17;ARS
-21000.00;Nafta infinia;CATEGORY_VEHICLE;SUBCATEGORY_FUEL;2024-09-18;ARS
-4517.00;Sobrante dolar mep y cedear nvidia;CATEGORY_FINANCIAL_EXPENSES;SUBCATEGORY_OTHERS;2024-09-18;ARS
-20000.00;Psico lunes 16-09;CATEGORY_HEALTH;SUBCATEGORY_OTHERS;2024-09-20;ARS
-11750.00;Matero;CATEGORY_HOUSE_AND_HOME;SUBCATEGORY_OTHERS;2024-09-20;ARS
-9900.00;Pantuflas;CATEGORY_SHOPS;SUBCATEGORY_CLOTHES_AND_SHOES;2024-09-20;ARS
-17600.00;Mitad de lo del restaurant cumple naza;CATEGORY_FOOD_AND_DRINKS;SUBCATEGORY_COFFEE_RESTAURANT;2024-09-21;ARS
-80392.00;Seguro sept;CATEGORY_VEHICLE;SUBCATEGORY_INSURANCE;2024-09-24;ARS
-6000.00;Parte 1 masoterapia. Parte 2 pagada en efectivo.;CATEGORY_HEALTH;SUBCATEGORY_OTHERS;2024-09-24;ARS
-8200.00;Tuenti Combo hit;CATEGORY_SERVICES;SUBCATEGORY_MOBILE_TELEPHONY;2024-09-25;ARS
-2600.00;Cafe untref;CATEGORY_FOOD_AND_DRINKS;SUBCATEGORY_COFFEE_RESTAURANT;2024-09-25;ARS
20285.00;Dolar mep vendido;CATEGORY_INCOME;SUBCATEGORY_EXCHANGE;2024-09-26;ARS
-7500.00;Kado;CATEGORY_FOOD_AND_DRINKS;SUBCATEGORY_COFFEE_RESTAURANT;2024-09-27;ARS
83000.00;Reintegro de la cuota de 166666 ars de viaje (despegar);CATEGORY_INCOME;SUBCATEGORY_REFUND_SHARED_EXPENSES;2024-09-28;ARS
-20000.00;Pizzeria;CATEGORY_FOOD_AND_DRINKS;SUBCATEGORY_COFFEE_RESTAURANT;2024-09-28;ARS
-12000.00;Nafta infinia;CATEGORY_VEHICLE;SUBCATEGORY_FUEL;2024-09-28;ARS
-4000.00;Sem san martin;CATEGORY_VEHICLE;SUBCATEGORY_PARKING;2024-09-30;ARS
11700.00;Diferencia entrada de lls piojos y regalo de andres;CATEGORY_INCOME;SUBCATEGORY_REFUND_SHARED_EXPENSES;2024-09-30;ARS
1539738.00;Salario eldar septiembre;CATEGORY_INCOME;SUBCATEGORY_SALARY;2024-10-01;ARS
-30000.00;Nafta infinia;CATEGORY_VEHICLE;SUBCATEGORY_FUEL;2024-10-03;ARS
-3500.00;Regalo pope;CATEGORY_SHOPS;SUBCATEGORY_GIFTS;2024-10-04;ARS
-20000.00;Ines psico;CATEGORY_HEALTH;SUBCATEGORY_OTHERS;2024-10-04;ARS
-6200.00;Mojito y gancia. Total 12400 ars;CATEGORY_LEISURE;SUBCATEGORY_ALCOHOL_TOBACCO;2024-10-05;ARS
-2900.00;Pañuelitos y puchos;CATEGORY_LEISURE;SUBCATEGORY_ALCOHOL_TOBACCO;2024-10-05;ARS
-5000.00;Mojito;CATEGORY_LEISURE;SUBCATEGORY_ALCOHOL_TOBACCO;2024-10-05;ARS
-23000.00;Escabio bar cubano;CATEGORY_LEISURE;SUBCATEGORY_ALCOHOL_TOBACCO;2024-10-05;ARS
-5300.00;Helado los amores;CATEGORY_FOOD_AND_DRINKS;SUBCATEGORY_COFFEE_RESTAURANT;2024-10-05;ARS
-2300.00;Aquarius pera;CATEGORY_FOOD_AND_DRINKS;SUBCATEGORY_MARKET;2024-10-05;ARS
-11100.00;mostaza. Total:22100;CATEGORY_FOOD_AND_DRINKS;SUBCATEGORY_COFFEE_RESTAURANT;2024-10-06;ARS
15000.00;Youtube, netflix y amazon prime dai;CATEGORY_INCOME;SUBCATEGORY_REFUND_SHARED_EXPENSES;2024-10-06;ARS
-535570.98;Tarjeta Visa Gold;CATEGORY_FINANCIAL_EXPENSES;SUBCATEGORY_OTHERS;2024-10-08;ARS
-2200.00;Birra;CATEGORY_LEISURE;SUBCATEGORY_ALCOHOL_TOBACCO;2024-10-09;ARS
-7000.00;Pelu;CATEGORY_HEALTH;SUBCATEGORY_BEAUTY;2024-10-09;ARS
-25000.00;Remera la vela;CATEGORY_SHOPS;SUBCATEGORY_CLOTHES_AND_SHOES;2024-10-09;ARS
64014.00;Reintegro de los 64014 vendidos de dai. Se vendieron usdt y se pasaron a ppi para comprar mep en una transferencia de 293000 que incluia otras cosas;CATEGORY_INCOME;SUBCATEGORY_REFUND_SHARED_EXPENSES;2024-10-10;ARS
11750.00;Reembolso de 23500 del matero. Devuelto a dai 11750 ars;CATEGORY_INCOME;SUBCATEGORY_REFUND_SHARED_EXPENSES;2024-10-10;ARS
-293000.00;Compra dolar mep mio: 200x 1144 + 64014 de los 54 usdt vendidos de dai;CATEGORY_INVESTMENTS;SUBCATEGORY_OTHERS;2024-10-10;ARS
-4800.00;Chipa;CATEGORY_FOOD_AND_DRINKS;SUBCATEGORY_COFFEE_RESTAURANT;2024-10-10;ARS
-18100.00;Empanadas;CATEGORY_FOOD_AND_DRINKS;SUBCATEGORY_COFFEE_RESTAURANT;2024-10-10;ARS
-3300.00;Facturas;CATEGORY_FOOD_AND_DRINKS;SUBCATEGORY_COFFEE_RESTAURANT;2024-10-11;ARS
-25000.00;;CATEGORY_VEHICLE;SUBCATEGORY_FUEL;2024-10-11;ARS
-19425.00;Checkin y asientos viaje iguazu. Pagado con dai total 38850 ars;CATEGORY_LEISURE;SUBCATEGORY_HOTELS;2024-10-12;ARS
-54359.00;Gas;CATEGORY_SERVICES;SUBCATEGORY_LIGHT_GAS_AND_ENERGY;2024-10-13;ARS
-20000.00;Ines psico;CATEGORY_HEALTH;SUBCATEGORY_OTHERS;2024-10-13;ARS
-10500.00;Vaquita de regalo primos;CATEGORY_SHOPS;SUBCATEGORY_GIFTS;2024-10-13;ARS
-7000.00;Medialunas;CATEGORY_FOOD_AND_DRINKS;SUBCATEGORY_COFFEE_RESTAURANT;2024-10-13;ARS
-90000.00;Retiro efectivo;CATEGORY_FINANCIAL_EXPENSES;SUBCATEGORY_OTHERS;2024-10-14;ARS
-18700.00;Burger;CATEGORY_FOOD_AND_DRINKS;SUBCATEGORY_COFFEE_RESTAURANT;2024-10-14;ARS
16000.00;Reintegro dai de lo del uber y el hotel;CATEGORY_INCOME;SUBCATEGORY_REFUND_SHARED_EXPENSES;2024-10-14;ARS
-5500.00;Caipiroshka comprada por dai. Transf de 26000 en mp a dai;CATEGORY_LEISURE;SUBCATEGORY_ALCOHOL_TOBACCO;2024-10-15;ARS
-2500.00;Paso de los toros;CATEGORY_FOOD_AND_DRINKS;SUBCATEGORY_COFFEE_RESTAURANT;2024-10-15;ARS
-2500.00;Agua;CATEGORY_FOOD_AND_DRINKS;SUBCATEGORY_COFFEE_RESTAURANT;2024-10-15;ARS
-98950.00;Power bank duty;CATEGORY_SHOPS;SUBCATEGORY_ELECTRONICS;2024-10-15;ARS
-25000.00;Pasaje ciudad del este;CATEGORY_LEISURE;SUBCATEGORY_HOTELS;2024-10-15;ARS
-5500.00;Caipiroshka;CATEGORY_LEISURE;SUBCATEGORY_ALCOHOL_TOBACCO;2024-10-15;ARS
-49500.00;Burrito;CATEGORY_FOOD_AND_DRINKS;SUBCATEGORY_COFFEE_RESTAURANT;2024-10-15;ARS
-5675.00;Compra super menos 3000 del adaptador;CATEGORY_FOOD_AND_DRINKS;SUBCATEGORY_MARKET;2024-10-16;ARS
-7000.00;Caipirnha;CATEGORY_LEISURE;SUBCATEGORY_ALCOHOL_TOBACCO;2024-10-16;ARS
-20500.00;Comida pizza;CATEGORY_FOOD_AND_DRINKS;SUBCATEGORY_COFFEE_RESTAURANT;2024-10-16;ARS
-5500.00;Caipiroshka comprada por dai junto con la comida;CATEGORY_LEISURE;SUBCATEGORY_ALCOHOL_TOBACCO;2024-10-16;ARS
-42000.00;Matera y cosas. Total 47600 pero 5600 eran del dulce de mamón;CATEGORY_SHOPS;SUBCATEGORY_GIFTS;2024-10-16;ARS
-15000.00;Excursion cataratas arg;CATEGORY_LEISURE;SUBCATEGORY_HOTELS;2024-10-16;ARS
-2500.00;Gaseosa;CATEGORY_FOOD_AND_DRINKS;SUBCATEGORY_COFFEE_RESTAURANT;2024-10-17;ARS
-70000.00;Lancha cataratas. Total 140000 pagado a medias con dai;CATEGORY_LEISURE;SUBCATEGORY_HOTELS;2024-10-17;ARS
-12900.00;Alfajor y off;CATEGORY_FOOD_AND_DRINKS;SUBCATEGORY_COFFEE_RESTAURANT;2024-10-17;ARS
-14500.00;Pastas caminito. Total 29000 pagado con dai;CATEGORY_FOOD_AND_DRINKS;SUBCATEGORY_COFFEE_RESTAURANT;2024-10-18;ARS
-17200.00;Regalos yerba llaveros etc. Con lo de mamon son 22800 ars;CATEGORY_SHOPS;SUBCATEGORY_GIFTS;2024-10-18;ARS
-10800.00;Cookie y budin en hard rock;CATEGORY_FOOD_AND_DRINKS;SUBCATEGORY_COFFEE_RESTAURANT;2024-10-18;ARS
-32500.00;Tacos y caipiroshka;CATEGORY_FOOD_AND_DRINKS;SUBCATEGORY_COFFEE_RESTAURANT;2024-10-18;ARS
-20000.00;Ines psico del 23-09;CATEGORY_HEALTH;SUBCATEGORY_OTHERS;2024-10-22;ARS
135979.14;113.15 usdt de 11518083 pepe vendidos a 9824;CATEGORY_INCOME;SUBCATEGORY_REFUND_SHARED_EXPENSES;2024-10-23;ARS
-6600.00;Kado 1600 + 5100;CATEGORY_FOOD_AND_DRINKS;SUBCATEGORY_COFFEE_RESTAURANT;2024-10-23;ARS
-3500.00;Chipaa;CATEGORY_FOOD_AND_DRINKS;SUBCATEGORY_COFFEE_RESTAURANT;2024-10-23;ARS
-20000.00;Ines psico;CATEGORY_HEALTH;SUBCATEGORY_OTHERS;2024-10-24;ARS
-1800.00;Empanadas;CATEGORY_FOOD_AND_DRINKS;SUBCATEGORY_COFFEE_RESTAURANT;2024-10-25;ARS
15865.00;Pago viaticos creo;CATEGORY_INCOME;SUBCATEGORY_SALARY;2024-10-25;ARS
-28492.00;Modafinilo vigicer;CATEGORY_HEALTH;SUBCATEGORY_OTHERS;2024-10-25;ARS
-25000.00;Nafta infinia;CATEGORY_VEHICLE;SUBCATEGORY_FUEL;2024-10-25;ARS
-8700.00;Tuenti Combo hit;CATEGORY_SERVICES;SUBCATEGORY_MOBILE_TELEPHONY;2024-10-26;ARS
-32100.00;Parrilla pagada con dai. Total 37100. 13100 de vacio y papas es plata retirada en efectivo. Los otros 10000 de los 23100 de la comida de jime se los deje a ellos por el uber de jime;CATEGORY_FOOD_AND_DRINKS;SUBCATEGORY_COFFEE_RESTAURANT;2024-10-27;ARS
-21000.00;La rural;CATEGORY_VEHICLE;SUBCATEGORY_PARKING;2024-10-27;ARS
-1550.00;Galletitas;CATEGORY_FOOD_AND_DRINKS;SUBCATEGORY_MARKET;2024-10-30;ARS
-7000.00;Carga 20000 infinia entre saldo cuenta de ypf, efectivo y mp;CATEGORY_VEHICLE;SUBCATEGORY_FUEL;2024-10-31;ARS
1601126.00;Salario eldar;CATEGORY_INCOME;SUBCATEGORY_SALARY;2024-10-31;ARS
83000.00;Ultima cuota viaje iguazu dai;CATEGORY_INCOME;SUBCATEGORY_REFUND_SHARED_EXPENSES;2024-10-31;ARS
-84279.00;Sancor seguros;CATEGORY_VEHICLE;SUBCATEGORY_INSURANCE;2024-11-01;ARS
-54241.00;Gas;CATEGORY_SERVICES;SUBCATEGORY_OTHERS;2024-11-01;ARS
-47560.00;Koko comida;CATEGORY_PETS;SUBCATEGORY_FOOD;2024-11-01;ARS
-20000.00;Ines psico;CATEGORY_HEALTH;SUBCATEGORY_OTHERS;2024-11-01;ARS
-70400.00;Camisa y pullover;CATEGORY_SHOPS;SUBCATEGORY_CLOTHES_AND_SHOES;2024-11-02;ARS
-5500.00;Trago maracuya;CATEGORY_LEISURE;SUBCATEGORY_ALCOHOL_TOBACCO;2024-11-02;ARS
-12937.00;Estacionamiento abasto;CATEGORY_VEHICLE;SUBCATEGORY_PARKING;2024-11-02;ARS
-15000.00;Pizza;CATEGORY_FOOD_AND_DRINKS;SUBCATEGORY_COFFEE_RESTAURANT;2024-11-03;ARS
-36000.00;Hotel scirocco;CATEGORY_LEISURE;SUBCATEGORY_HOTELS;2024-11-03;ARS
-5800.00;Helado sundae;CATEGORY_FOOD_AND_DRINKS;SUBCATEGORY_COFFEE_RESTAURANT;2024-11-03;ARS
-6500.00;Regali pili fibras;CATEGORY_SHOPS;SUBCATEGORY_GIFTS;2024-11-04;ARS
-30000.00;Nafta infinia;CATEGORY_VEHICLE;SUBCATEGORY_FUEL;2024-11-04;ARS
-7000.00;Alfajores 5600 y 1400;CATEGORY_FOOD_AND_DRINKS;SUBCATEGORY_COFFEE_RESTAURANT;2024-11-04;ARS
-117020.00;Usdt para trading ( scalping );CATEGORY_INVESTMENTS;SUBCATEGORY_OTHERS;2024-11-04;ARS
-97825.00;Mstr ppi (transaccion de 200000 solo se uso esto por ahora);CATEGORY_INVESTMENTS;SUBCATEGORY_OTHERS;2024-11-05;ARS
-20000.00;Ines psico;CATEGORY_HEALTH;SUBCATEGORY_OTHERS;2024-11-05;ARS
-7800.00;Kado;CATEGORY_FOOD_AND_DRINKS;SUBCATEGORY_COFFEE_RESTAURANT;2024-11-06;ARS
-1000.00;Pepas;CATEGORY_FOOD_AND_DRINKS;SUBCATEGORY_COFFEE_RESTAURANT;2024-11-06;ARS
-233000.00;Dolares para compu mep dai transacciones de 227000  y 6000 ars;CATEGORY_SHOPS;SUBCATEGORY_ELECTRONICS;2024-11-07;ARS
-111500.00;Compra de dolares a clau y pago a dai 100 usd de la compu;CATEGORY_SHOPS;SUBCATEGORY_ELECTRONICS;2024-11-08;ARS
-5400.00;Mac;CATEGORY_FOOD_AND_DRINKS;SUBCATEGORY_COFFEE_RESTAURANT;2024-11-10;ARS
-3600.00;Red bull y cepita;CATEGORY_FOOD_AND_DRINKS;SUBCATEGORY_COFFEE_RESTAURANT;2024-11-10;ARS
-8700.00;Teléfono mami;CATEGORY_SERVICES;SUBCATEGORY_MOBILE_TELEPHONY;2024-11-10;ARS
-15000.00;Desodorante;CATEGORY_HEALTH;SUBCATEGORY_MEDICAL_SUPPLIES;2024-11-10;ARS
-20000.00;Psicologa ines;CATEGORY_HEALTH;SUBCATEGORY_OTHERS;2024-11-11;ARS
-30000.00;Nafta infinia;CATEGORY_VEHICLE;SUBCATEGORY_FUEL;2024-11-11;ARS
-261885.00;Tarjeta Visa Gold;CATEGORY_FINANCIAL_EXPENSES;SUBCATEGORY_OTHERS;2024-11-12;ARS
-1026.00;Tarjeta Master Gold;CATEGORY_FINANCIAL_EXPENSES;SUBCATEGORY_OTHERS;2024-11-12;ARS
-5000.00;Sem 3 f;CATEGORY_VEHICLE;SUBCATEGORY_PARKING;2024-11-14;ARS
-2800.00;Paso de los toros;CATEGORY_FOOD_AND_DRINKS;SUBCATEGORY_COFFEE_RESTAURANT;2024-11-14;ARS
-5100.00;Kado;CATEGORY_FOOD_AND_DRINKS;SUBCATEGORY_COFFEE_RESTAURANT;2024-11-15;ARS
-3800.00;Cerveza;CATEGORY_LEISURE;SUBCATEGORY_ALCOHOL_TOBACCO;2024-11-15;ARS
-8000.00;Bowling .total 16000 ars , pagado con dai. Incluye transf de 12500 ars;CATEGORY_LEISURE;SUBCATEGORY_OTHERS;2024-11-16;ARS
-4500.00;Helado chocorisimo total 9000 con dai. Incluye transf de 12500 ars.;CATEGORY_FOOD_AND_DRINKS;SUBCATEGORY_COFFEE_RESTAURANT;2024-11-16;ARS
-5100.00;Birras;CATEGORY_LEISURE;SUBCATEGORY_ALCOHOL_TOBACCO;2024-11-18;ARS
-6930.00;Budin y pan dulce;CATEGORY_FOOD_AND_DRINKS;SUBCATEGORY_MARKET;2024-11-18;ARS
-30000.00;Nafta infinia;CATEGORY_VEHICLE;SUBCATEGORY_FUEL;2024-11-19;ARS
-5000.00;Facturas y chipa;CATEGORY_FOOD_AND_DRINKS;SUBCATEGORY_MARKET;2024-11-19;ARS
-5565.00;Yogur;CATEGORY_FOOD_AND_DRINKS;SUBCATEGORY_MARKET;2024-11-19;ARS
-1000.00;Barra cereal;CATEGORY_FOOD_AND_DRINKS;SUBCATEGORY_COFFEE_RESTAURANT;2024-11-20;ARS
-11800.00;Cafe martinez;CATEGORY_FOOD_AND_DRINKS;SUBCATEGORY_COFFEE_RESTAURANT;2024-11-20;ARS
-20000.00;Psico ines miercoles 20-11;CATEGORY_HEALTH;SUBCATEGORY_OTHERS;2024-11-21;ARS
-2000.00;Carga sube;CATEGORY_TRANSPORTATION;SUBCATEGORY_PUBLIC;2024-11-21;ARS
-13600.00;Nuggets y papas;CATEGORY_FOOD_AND_DRINKS;SUBCATEGORY_COFFEE_RESTAURANT;2024-11-23;ARS
-13445.00;Parrilla pedidso ya;CATEGORY_FOOD_AND_DRINKS;SUBCATEGORY_COFFEE_RESTAURANT;2024-11-24;ARS
-7700.00;Helado y batido;CATEGORY_FOOD_AND_DRINKS;SUBCATEGORY_COFFEE_RESTAURANT;2024-11-24;ARS
-4500.00;Golosinas shell;CATEGORY_FOOD_AND_DRINKS;SUBCATEGORY_COFFEE_RESTAURANT;2024-11-25;ARS
-30000.00;Nafta infinia;CATEGORY_VEHICLE;SUBCATEGORY_FUEL;2024-11-25;ARS
-3000.00;Estacionamiento neurologia;CATEGORY_VEHICLE;SUBCATEGORY_PARKING;2024-11-25;ARS
-8700.00;Tuenti Combo hit;CATEGORY_SERVICES;SUBCATEGORY_MOBILE_TELEPHONY;2024-11-26;ARS
90000.00;Vendido btc de binance;CATEGORY_INCOME;SUBCATEGORY_REFUND_SHARED_EXPENSES;2024-11-27;ARS
-2000.00;Panaderia;CATEGORY_FOOD_AND_DRINKS;SUBCATEGORY_COFFEE_RESTAURANT;2024-11-27;ARS
-190000.00;Arreglo ruleman fiestita;CATEGORY_VEHICLE;SUBCATEGORY_MAINTENANCE;2024-11-27;ARS
119600.00;Pepe binance vendido;CATEGORY_INCOME;SUBCATEGORY_REFUND_SHARED_EXPENSES;2024-11-27;ARS
-3200.00;Empanadas;CATEGORY_FOOD_AND_DRINKS;SUBCATEGORY_COFFEE_RESTAURANT;2024-11-27;ARS
-18500.00;Hormiga negra pagado cadi a medias con dai (total 36500);CATEGORY_FOOD_AND_DRINKS;SUBCATEGORY_COFFEE_RESTAURANT;2024-11-28;ARS
1827352.00;Salario eldar con aguinaldo??;CATEGORY_INCOME;SUBCATEGORY_SALARY;2024-11-29;ARS
-14000.00;Estacionamiento palermo;CATEGORY_VEHICLE;SUBCATEGORY_PARKING;2024-11-30;ARS
-20000.00;Ines psico del lunes 25-11;CATEGORY_HEALTH;SUBCATEGORY_OTHERS;2024-11-30;ARS
-7000.00;Efectivo agarrado en transaccion de 10500;CATEGORY_FINANCIAL_EXPENSES;SUBCATEGORY_LOAN;2024-12-01;ARS
-87957.00;Sancor seguros cerrado 21 de noviembre;CATEGORY_VEHICLE;SUBCATEGORY_INSURANCE;2024-12-01;ARS
-3500.00;Regalos familia en transaccion de 10500;CATEGORY_SHOPS;SUBCATEGORY_GIFTS;2024-12-01;ARS
-20000.00;Ines psico;CATEGORY_HEALTH;SUBCATEGORY_OTHERS;2024-12-02;ARS
-100000.00;91 usdt (extraible);CATEGORY_INVESTMENTS;SUBCATEGORY_OTHERS;2024-12-03;ARS
-28776.00;Modafinilo;CATEGORY_HEALTH;SUBCATEGORY_OTHERS;2024-12-04;ARS
-600000.00;Fondos comunes de inversion ppi;CATEGORY_INVESTMENTS;SUBCATEGORY_OTHERS;2024-12-04;ARS
-20000.00;Nafta infinia;CATEGORY_VEHICLE;SUBCATEGORY_FUEL;2024-12-05;ARS
-27853.00;Gas;CATEGORY_SERVICES;SUBCATEGORY_LIGHT_GAS_AND_ENERGY;2024-12-05;ARS
-13620.00;Luz;CATEGORY_SERVICES;SUBCATEGORY_LIGHT_GAS_AND_ENERGY;2024-12-05;ARS
-19195.00;Agua;CATEGORY_SERVICES;SUBCATEGORY_OTHERS;2024-12-05;ARS
-21400.00;Parrilla;CATEGORY_FOOD_AND_DRINKS;SUBCATEGORY_COFFEE_RESTAURANT;2024-12-06;ARS
-60000.00;Dolares mep para dai de la compu 50 usd;CATEGORY_SHOPS;SUBCATEGORY_ELECTRONICS;2024-12-06;ARS
-6050.00;Birra tri;CATEGORY_LEISURE;SUBCATEGORY_ALCOHOL_TOBACCO;2024-12-06;ARS
-1300.00;Vainillas;CATEGORY_FOOD_AND_DRINKS;SUBCATEGORY_COFFEE_RESTAURANT;2024-12-06;ARS
-6300.00;Papas tri;CATEGORY_FOOD_AND_DRINKS;SUBCATEGORY_COFFEE_RESTAURANT;2024-12-06;ARS
-22000.00;Pizza;CATEGORY_FOOD_AND_DRINKS;SUBCATEGORY_COFFEE_RESTAURANT;2024-12-07;ARS
-3887.00;Big pons;CATEGORY_FOOD_AND_DRINKS;SUBCATEGORY_COFFEE_RESTAURANT;2024-12-09;ARS
-27000.00;Nafta infinia;CATEGORY_VEHICLE;SUBCATEGORY_FUEL;2024-12-09;ARS
-50000.00;Micro mio y jime;CATEGORY_LEISURE;SUBCATEGORY_CONCERTS;2024-12-09;ARS
-101394.00;Tarjeta Visa Gold;CATEGORY_FINANCIAL_EXPENSES;SUBCATEGORY_OTHERS;2024-12-10;ARS
-20000.00;Ines psico;CATEGORY_HEALTH;SUBCATEGORY_OTHERS;2024-12-10;ARS
-2094.00;Tarjeta Master Gold;CATEGORY_FINANCIAL_EXPENSES;SUBCATEGORY_OTHERS;2024-12-10;ARS
-4500.00;Birra hormiga negra;CATEGORY_LEISURE;SUBCATEGORY_ALCOHOL_TOBACCO;2024-12-11;ARS
-200000.00;Para invertir en cesear GOOG para dai y para mi;CATEGORY_INVESTMENTS;SUBCATEGORY_OTHERS;2024-12-11;ARS
-3800.00;Birra nevermind;CATEGORY_LEISURE;SUBCATEGORY_ALCOHOL_TOBACCO;2024-12-13;ARS
-10000.00;Empanadas ex km11;CATEGORY_FOOD_AND_DRINKS;SUBCATEGORY_COFFEE_RESTAURANT;2024-12-14;ARS
-9500.00;Tragos feria;CATEGORY_LEISURE;SUBCATEGORY_ALCOHOL_TOBACCO;2024-12-14;ARS
-15200.00;Mostaza;CATEGORY_FOOD_AND_DRINKS;SUBCATEGORY_COFFEE_RESTAURANT;2024-12-14;ARS
-21000.00;Comida reci los piojos;CATEGORY_FOOD_AND_DRINKS;SUBCATEGORY_COFFEE_RESTAURANT;2024-12-15;ARS
-1815.00;Pañuelitos;CATEGORY_SHOPS;SUBCATEGORY_DRUGSTORE;2024-12-15;ARS
-30150.00;Birras y fernet;CATEGORY_LEISURE;SUBCATEGORY_ALCOHOL_TOBACCO;2024-12-15;ARS
-7000.00;Regalos cumples;CATEGORY_SHOPS;SUBCATEGORY_GIFTS;2024-12-17;ARS
-25000.00;Anihijos;CATEGORY_HEALTH;SUBCATEGORY_MEDICAL_SUPPLIES;2024-12-17;ARS
-20000.00;Psico;CATEGORY_HEALTH;SUBCATEGORY_OTHERS;2024-12-17;ARS
901201.00;Aguinaldo;CATEGORY_LEISURE;SUBCATEGORY_ALCOHOL_TOBACCO;2024-12-18;ARS
-10750.00;Kado;CATEGORY_FOOD_AND_DRINKS;SUBCATEGORY_COFFEE_RESTAURANT;2024-12-18;ARS
-10400.00;Comida para el loco y birra;CATEGORY_FOOD_AND_DRINKS;SUBCATEGORY_MARKET;2024-12-18;ARS
-4200.00;Medialunas shell;CATEGORY_FOOD_AND_DRINKS;SUBCATEGORY_COFFEE_RESTAURANT;2024-12-18;ARS
-30000.00;Nafta v power shell;CATEGORY_VEHICLE;SUBCATEGORY_FUEL;2024-12-18;ARS
-4000.00;Puchos trnasf al carmo;CATEGORY_LEISURE;SUBCATEGORY_ALCOHOL_TOBACCO;2024-12-19;ARS
-15300.00;Transaccion de 18300 del fernet, el perce me paso 3000 y el chevi me dio 8000 en efectivo;CATEGORY_LEISURE;SUBCATEGORY_ALCOHOL_TOBACCO;2024-12-19;ARS
-7500.00;Masoterapia p1 turno 20-12;CATEGORY_HEALTH;SUBCATEGORY_OTHERS;2024-12-19;ARS
11500.00;Cuota de netflix y youtube de dai este mes y el anterior;CATEGORY_INCOME;SUBCATEGORY_REFUND_SHARED_EXPENSES;2024-12-20;ARS
-7500.00;Masoterapia p2 turno 20-12;CATEGORY_HEALTH;SUBCATEGORY_OTHERS;2024-12-20;ARS
-26979.00;Birras y Coca;CATEGORY_LEISURE;SUBCATEGORY_ALCOHOL_TOBACCO;2024-12-20;ARS
-91231.00;Sancor seguros;CATEGORY_VEHICLE;SUBCATEGORY_INSURANCE;2024-12-21;ARS
-20350.00;Bebidas para juntada con los compas de dai;CATEGORY_LEISURE;SUBCATEGORY_ALCOHOL_TOBACCO;2024-12-21;ARS
-15000.00;Matafuegos;CATEGORY_VEHICLE;SUBCATEGORY_MAINTENANCE;2024-12-21;ARS
-475000.00;Lavarropas lg mitad de 950000 ars;CATEGORY_HOUSE_AND_HOME;SUBCATEGORY_OTHERS;2024-12-22;ARS
-40000.00;Hotel scirocco;CATEGORY_LEISURE;SUBCATEGORY_HOTELS;2024-12-22;ARS
-6250.00;Pizza san antonio;CATEGORY_FOOD_AND_DRINKS;SUBCATEGORY_COFFEE_RESTAURANT;2024-12-22;ARS
-27000.00;Nafta infinia;CATEGORY_VEHICLE;SUBCATEGORY_FUEL;2024-12-23;ARS
-36000.00;Regalos navidad: remeras;CATEGORY_SHOPS;SUBCATEGORY_GIFTS;2024-12-24;ARS
-15000.00;Regalos navidad:;CATEGORY_SHOPS;SUBCATEGORY_GIFTS;2024-12-24;ARS
-46800.00;Regalos navidad: chino bazar;CATEGORY_SHOPS;SUBCATEGORY_GIFTS;2024-12-24;ARS
-11800.00;Regalos navidad: tapities y botella;CATEGORY_SHOPS;SUBCATEGORY_GIFTS;2024-12-24;ARS
-15000.00;Helado navidad;CATEGORY_FOOD_AND_DRINKS;SUBCATEGORY_COFFEE_RESTAURANT;2024-12-24;ARS
-4700.00;Birra willy;CATEGORY_LEISURE;SUBCATEGORY_ALCOHOL_TOBACCO;2024-12-25;ARS
-10450.00;Bebidas y papitas;CATEGORY_FOOD_AND_DRINKS;SUBCATEGORY_COFFEE_RESTAURANT;2024-12-25;ARS
-30000.00;Nafta infinia;CATEGORY_VEHICLE;SUBCATEGORY_FUEL;2024-12-25;ARS
-53820.00;Vtv;CATEGORY_VEHICLE;SUBCATEGORY_MAINTENANCE;2024-12-26;ARS
-19200.00;Ojotas;CATEGORY_SHOPS;SUBCATEGORY_GIFTS;2024-12-26;ARS
-1370.00;Barra de cereal;CATEGORY_FOOD_AND_DRINKS;SUBCATEGORY_COFFEE_RESTAURANT;2024-12-27;ARS
-3000.00;Arito de la nariz;CATEGORY_HEALTH;SUBCATEGORY_BEAUTY;2024-12-27;ARS
-9200.00;Kado;CATEGORY_FOOD_AND_DRINKS;SUBCATEGORY_COFFEE_RESTAURANT;2024-12-27;ARS
-12300.00;Cafe martinez;CATEGORY_FOOD_AND_DRINKS;SUBCATEGORY_COFFEE_RESTAURANT;2024-12-27;ARS
-9000.00;Efectivo para el arito;CATEGORY_HEALTH;SUBCATEGORY_BEAUTY;2024-12-28;ARS
-9000.00;Tuenti Combo hit;CATEGORY_SERVICES;SUBCATEGORY_MOBILE_TELEPHONY;2024-12-30;ARS
1750020.00;Sueldo Eldar;CATEGORY_INCOME;SUBCATEGORY_OTHERS;2024-12-30;ARS
-11314.00;Pedidos ya picada;CATEGORY_FOOD_AND_DRINKS;SUBCATEGORY_COFFEE_RESTAURANT;2024-12-30;ARS
-25000.00;Ines psico de ayer 30 dic;CATEGORY_HEALTH;SUBCATEGORY_OTHERS;2024-12-31;ARS
-5000.00;Mana y cepita;CATEGORY_FOOD_AND_DRINKS;SUBCATEGORY_COFFEE_RESTAURANT;2024-12-31;ARS
-15000.00;Nafta axion;CATEGORY_VEHICLE;SUBCATEGORY_FUEL;2025-01-01;ARS
-30000.00;Nafta axion;CATEGORY_VEHICLE;SUBCATEGORY_FUEL;2025-01-01;ARS
-16400.00;Mac donald;CATEGORY_FOOD_AND_DRINKS;SUBCATEGORY_COFFEE_RESTAURANT;2025-01-01;ARS
-23000.00;Fernet y vino sants julia;CATEGORY_LEISURE;SUBCATEGORY_ALCOHOL_TOBACCO;2025-01-01;ARS
-63430.00;Teclado y mouse jime. Total 126860 ars pagado a medias con papa;CATEGORY_SHOPS;SUBCATEGORY_GIFTS;2025-01-02;ARS
-65138.00;Teclado y mouse dai;CATEGORY_SHOPS;SUBCATEGORY_GIFTS;2025-01-02;ARS
-39900.00;Tus clases de guitarra renovacion por 5 años;CATEGORY_LEISURE;SUBCATEGORY_OTHERS;2025-01-02;ARS
-4900.00;Kado;CATEGORY_FOOD_AND_DRINKS;SUBCATEGORY_COFFEE_RESTAURANT;2025-01-03;ARS
-212290.00;Primero se penso como 100000 para una inversion y los 112290 para cubrir lo que habia quedado pendiente de retiro, pero dsp se pudo disponer tambien de la plata pendiente de retiro , y se termino invirtiendo todo, asi que esto es todo gasto financiero.;CATEGORY_INVESTMENTS;SUBCATEGORY_OTHERS;2025-01-03;ARS
-8400.00;Regalo agus menos la mitad de las cosas de comida china;CATEGORY_SHOPS;SUBCATEGORY_GIFTS;2025-01-05;ARS
-41209.00;Sushi fabric sushi;CATEGORY_FOOD_AND_DRINKS;SUBCATEGORY_COFFEE_RESTAURANT;2025-01-05;ARS
-22000.00;Parlante santi;CATEGORY_SHOPS;SUBCATEGORY_GIFTS;2025-01-05;ARS
-9600.00;Cosas de comida china;CATEGORY_FOOD_AND_DRINKS;SUBCATEGORY_COFFEE_RESTAURANT;2025-01-05;ARS
-25000.00;Ines psico;CATEGORY_HEALTH;SUBCATEGORY_OTHERS;2025-01-06;ARS
-14769.00;Pizza santomena transaccion de 450 y 14319;CATEGORY_FOOD_AND_DRINKS;SUBCATEGORY_COFFEE_RESTAURANT;2025-01-06;ARS
70000.00;Viaticos;CATEGORY_INCOME;SUBCATEGORY_SALARY;2025-01-07;ARS
-9000.00;Kado;CATEGORY_FOOD_AND_DRINKS;SUBCATEGORY_COFFEE_RESTAURANT;2025-01-08;ARS
-79371.00;Tarjeta Visa Gold;CATEGORY_FINANCIAL_EXPENSES;SUBCATEGORY_OTHERS;2025-01-08;ARS
-30000.00;Nafta infinia;CATEGORY_VEHICLE;SUBCATEGORY_FUEL;2025-01-08;ARS
-28000.00;Club de la mila sanguche pollo;CATEGORY_FOOD_AND_DRINKS;SUBCATEGORY_COFFEE_RESTAURANT;2025-01-09;ARS
-13500.00;Regalos juli 3500 y yani y beto 5000 c/u;CATEGORY_SHOPS;SUBCATEGORY_GIFTS;2025-01-10;ARS
-30000.00;Modafinilo redondeado a 30000;CATEGORY_HEALTH;SUBCATEGORY_OTHERS;2025-01-10;ARS
-55900.00;"Bowling, pool en norcenter y pool la bajada , picada la bajada y birras. Transacciones de :
9400, 54000, 22000, 19000, 7500 ars. Pagado a medias con ivan el total de 111900";CATEGORY_LEISURE;SUBCATEGORY_OTHERS;2025-01-11;ARS
-32600.00;Bar con banda. 11600 eran del fernet y el resto se diviido con rami. Me dio 8000 en efectivo y 2500 transferido;CATEGORY_FOOD_AND_DRINKS;SUBCATEGORY_COFFEE_RESTAURANT;2025-01-12;ARS
2500.00;Bar con rami;CATEGORY_INCOME;SUBCATEGORY_REFUND_SHARED_EXPENSES;2025-01-12;ARS
-15000.00;Plata prestada a rami;CATEGORY_FINANCIAL_EXPENSES;SUBCATEGORY_LOAN;2025-01-13;ARS
-25000.00;Ines psico;CATEGORY_HEALTH;SUBCATEGORY_OTHERS;2025-01-13;ARS
15000.00;Plata ptestasa a rami;CATEGORY_INCOME;SUBCATEGORY_REFUND_SHARED_EXPENSES;2025-01-15;ARS
-200000.00;Inversion en acciones argentinas AGRO y INVJ;CATEGORY_INVESTMENTS;SUBCATEGORY_OTHERS;2025-01-15;ARS
-180000.00;Reci los piojos 25 : rami yo y el chevo. Elchevo me paso 120000 en efectivo;CATEGORY_LEISURE;SUBCATEGORY_CONCERTS;2025-01-16;ARS
-8500.00;Chicha;CATEGORY_FOOD_AND_DRINKS;SUBCATEGORY_COFFEE_RESTAURANT;2025-01-17;ARS
-31500.00;Orange pagado en parte de efectivo con Ana y juli;CATEGORY_LEISURE;SUBCATEGORY_ALCOHOL_TOBACCO;2025-01-18;ARS
-31500.00;Borra con Ana y la juli;CATEGORY_LEISURE;SUBCATEGORY_ALCOHOL_TOBACCO;2025-01-18;ARS
-19800.00;Comida del cine;CATEGORY_LEISURE;SUBCATEGORY_CINEMA_AND_THEATER;2025-01-18;ARS
-12300.00;Dumplings;CATEGORY_FOOD_AND_DRINKS;SUBCATEGORY_COFFEE_RESTAURANT;2025-01-19;ARS
-5400.00;Harumakis;CATEGORY_FOOD_AND_DRINKS;SUBCATEGORY_COFFEE_RESTAURANT;2025-01-19;ARS
-30000.00;Nafta infinia;CATEGORY_VEHICLE;SUBCATEGORY_FUEL;2025-01-22;ARS
33000.00;Efectivo a rami;CATEGORY_INCOME;SUBCATEGORY_REFUND_SHARED_EXPENSES;2025-01-23;ARS
-2450.00;Pizza y empanadas el resto efectivo;CATEGORY_FOOD_AND_DRINKS;SUBCATEGORY_COFFEE_RESTAURANT;2025-01-24;ARS
13000.00;Plata de rami del fernet;CATEGORY_INCOME;SUBCATEGORY_REFUND_SHARED_EXPENSES;2025-01-25;ARS
226470.00;Retiro de ppi de los 600k ars invertidos aquella vez en FCI;CATEGORY_FINANCIAL_EXPENSES;SUBCATEGORY_LOAN;2025-01-31;ARS
-7200.00;Rincon salteño;CATEGORY_FOOD_AND_DRINKS;SUBCATEGORY_COFFEE_RESTAURANT;2025-01-31;ARS
-25000.00;Ines psico;CATEGORY_HEALTH;SUBCATEGORY_OTHERS;2025-01-31;ARS
-100000.00;Deuda por 100000 de efectivo;CATEGORY_FINANCIAL_EXPENSES;SUBCATEGORY_LOAN;2025-01-31;ARS
1828866.00;Salario eldar;CATEGORY_INCOME;SUBCATEGORY_SALARY;2025-02-01;ARS
-44859.00;The construct;CATEGORY_EDUCATION_AND_DEVELOPMENT;SUBCATEGORY_OTHERS;2025-02-01;ARS
-12100.00;Cervezas;CATEGORY_LEISURE;SUBCATEGORY_ALCOHOL_TOBACCO;2025-02-02;ARS
-13593.31;Rg 4815/20;CATEGORY_OTHERS;SUBCATEGORY_MISSING;2025-02-02;ARS
-96846.00;Seguro fiesta;CATEGORY_VEHICLE;SUBCATEGORY_INSURANCE;2025-02-03;ARS
-25000.00;Ines psico;CATEGORY_HEALTH;SUBCATEGORY_OTHERS;2025-02-03;ARS
-15000.00;Seña crema estrias. Total 32000 ars aprox;CATEGORY_HEALTH;SUBCATEGORY_OTHERS;2025-02-03;ARS
-20000.00;Nafta v power shell;CATEGORY_VEHICLE;SUBCATEGORY_FUEL;2025-02-03;ARS
-17111.00;Seña crema estrias parte 2. Total 32000 ars aprox;CATEGORY_HEALTH;SUBCATEGORY_OTHERS;2025-02-04;ARS
-20000.00;Reci cielo razzo;CATEGORY_LEISURE;SUBCATEGORY_CONCERTS;2025-02-04;ARS
-363000.00;300 Usdt pasados por jime a mi nexo a precio 1210 ars;CATEGORY_INVESTMENTS;SUBCATEGORY_OTHERS;2025-02-05;ARS
-10400.00;Kado comida japonesa;CATEGORY_FOOD_AND_DRINKS;SUBCATEGORY_COFFEE_RESTAURANT;2025-02-05;ARS
-54216.00;Gas: 17856, Luz: 17012, Agua: 19346 ars;CATEGORY_SERVICES;SUBCATEGORY_OTHERS;2025-02-07;ARS
-5500.00;Puchos;CATEGORY_LEISURE;SUBCATEGORY_ALCOHOL_TOBACCO;2025-02-08;ARS
-34000.00;Nafta infinia y hielo;CATEGORY_VEHICLE;SUBCATEGORY_FUEL;2025-02-08;ARS
-5300.00;Birra;CATEGORY_LEISURE;SUBCATEGORY_ALCOHOL_TOBACCO;2025-02-09;ARS
-3000.00;Panchos;CATEGORY_FOOD_AND_DRINKS;SUBCATEGORY_COFFEE_RESTAURANT;2025-02-10;ARS
-3900.00;Hielo y coca;CATEGORY_LEISURE;SUBCATEGORY_ALCOHOL_TOBACCO;2025-02-10;ARS
-25000.00;Ines psico;CATEGORY_HEALTH;SUBCATEGORY_OTHERS;2025-02-11;ARS
-486541.00;Tarjeta Visa Gold;CATEGORY_FINANCIAL_EXPENSES;SUBCATEGORY_OTHERS;2025-02-11;ARS
-6300.00;Puchos y forros;CATEGORY_LEISURE;SUBCATEGORY_ALCOHOL_TOBACCO;2025-02-12;ARS
-5000.00;Forros;CATEGORY_HEALTH;SUBCATEGORY_OTHERS;2025-02-13;ARS
-29000.00;Colt;CATEGORY_LEISURE;SUBCATEGORY_HOTELS;2025-02-13;ARS
-21000.00;Mecánico la parte que faltaba. Total 71000 ars;CATEGORY_VEHICLE;SUBCATEGORY_MAINTENANCE;2025-02-13;ARS
-14000.00;Efectivo a papa. Transf de 64000 ars;CATEGORY_FINANCIAL_EXPENSES;SUBCATEGORY_OTHERS;2025-02-13;ARS
-10500.00;Contenedor de agua del auto.;CATEGORY_VEHICLE;SUBCATEGORY_MAINTENANCE;2025-02-13;ARS
-11500.00;Birras total 22500;CATEGORY_LEISURE;SUBCATEGORY_ALCOHOL_TOBACCO;2025-02-13;ARS
-50000.00;Efectivo para mecanico. Trans de 64000 ars. Total 71000 ars;CATEGORY_VEHICLE;SUBCATEGORY_MAINTENANCE;2025-02-13;ARS
-70000.00;Cambio de aceite y cambio de filtro;CATEGORY_VEHICLE;SUBCATEGORY_MAINTENANCE;2025-02-14;ARS
-15000.00;Fernet y coca de ultima fecha de los piojos;CATEGORY_LEISURE;SUBCATEGORY_ALCOHOL_TOBACCO;2025-02-14;ARS
-24017.98;Nafta v power shell;CATEGORY_VEHICLE;SUBCATEGORY_FUEL;2025-02-15;ARS
-35000.00;Pocket cash cosquin;CATEGORY_LEISURE;SUBCATEGORY_CONCERTS;2025-02-15;ARS
-40000.00;Camping malevo;CATEGORY_LEISURE;SUBCATEGORY_HOTELS;2025-02-15;ARS
-50679.00;Nafta infinia;CATEGORY_VEHICLE;SUBCATEGORY_FUEL;2025-02-15;ARS
-9300.00;Comida ypf;CATEGORY_FOOD_AND_DRINKS;SUBCATEGORY_COFFEE_RESTAURANT;2025-02-15;ARS
-20000.00;Efectivo agarrado de papa;CATEGORY_FINANCIAL_EXPENSES;SUBCATEGORY_OTHERS;2025-02-15;ARS
-50500.00;Cocas fernet y fiambres;CATEGORY_FOOD_AND_DRINKS;SUBCATEGORY_MARKET;2025-02-15;ARS
-12800.00;Sanguche y agua en shell;CATEGORY_FOOD_AND_DRINKS;SUBCATEGORY_COFFEE_RESTAURANT;2025-02-15;ARS
-30000.00;Nafta vpower shell;CATEGORY_VEHICLE;SUBCATEGORY_FUEL;2025-02-15;ARS
-1400.00;Agua camping;CATEGORY_FOOD_AND_DRINKS;SUBCATEGORY_MARKET;2025-02-17;ARS
-5000.00;Puchos y pritty;CATEGORY_LEISURE;SUBCATEGORY_ALCOHOL_TOBACCO;2025-02-17;ARS
-6000.00;Sanguche de milanesa;CATEGORY_FOOD_AND_DRINKS;SUBCATEGORY_COFFEE_RESTAURANT;2025-02-17;ARS
-15000.00;Pizza;CATEGORY_FOOD_AND_DRINKS;SUBCATEGORY_COFFEE_RESTAURANT;2025-02-17;ARS
-22000.00;Nafta infinia;CATEGORY_VEHICLE;SUBCATEGORY_FUEL;2025-02-18;ARS
-61504.00;Nafta infinia. Pagada a medias con Agustín;CATEGORY_VEHICLE;SUBCATEGORY_FUEL;2025-02-18;ARS
15000.00;Parte de la nafta que pago agustin. Total eran 30000 ars;CATEGORY_INCOME;SUBCATEGORY_REFUND_SHARED_EXPENSES;2025-02-18;ARS
-9400.00;Comida en estacion de servicio;CATEGORY_FOOD_AND_DRINKS;SUBCATEGORY_COFFEE_RESTAURANT;2025-02-18;ARS
45000.00;Plata rami quilmes rock;CATEGORY_INCOME;SUBCATEGORY_REFUND_SHARED_EXPENSES;2025-02-19;ARS
-14500.00;Fernet y coca;CATEGORY_LEISURE;SUBCATEGORY_ALCOHOL_TOBACCO;2025-02-19;ARS
-1000.00;Pan;CATEGORY_FOOD_AND_DRINKS;SUBCATEGORY_MARKET;2025-02-20;ARS
-20000.00;Chapon auto;CATEGORY_VEHICLE;SUBCATEGORY_MAINTENANCE;2025-02-20;ARS
-20000.00;Regalos familia;CATEGORY_SHOPS;SUBCATEGORY_GIFTS;2025-02-20;ARS
-25000.00;Ines psico;CATEGORY_HEALTH;SUBCATEGORY_OTHERS;2025-02-20;ARS
-13000.00;Arito y spray para curar;CATEGORY_HEALTH;SUBCATEGORY_OTHERS;2025-02-20;ARS
-24750.00;Gastado en supermercado. Agarre de los viejos y fue rotado a efectivo;CATEGORY_FOOD_AND_DRINKS;SUBCATEGORY_MARKET;2025-02-20;ARS
-10000.00;Efectivo;CATEGORY_FINANCIAL_EXPENSES;SUBCATEGORY_OTHERS;2025-02-20;ARS
-29700.00;Pintas pagadas a medias con rami. Me dio 10000 ars en efectivo y me devolvio 5000;CATEGORY_LEISURE;SUBCATEGORY_ALCOHOL_TOBACCO;2025-02-21;ARS
-600.00;Folios;CATEGORY_EDUCATION_AND_DEVELOPMENT;SUBCATEGORY_OTHERS;2025-02-21;ARS
5000.00;Pago de rami de pintas;CATEGORY_INCOME;SUBCATEGORY_REFUND_SHARED_EXPENSES;2025-02-21;ARS
-300000.00;Compra de usdt para nexo;CATEGORY_INVESTMENTS;SUBCATEGORY_OTHERS;2025-02-22;ARS
-21500.00;Pizza pagada a medias con flor. 11000 ars en efectivo;CATEGORY_FOOD_AND_DRINKS;SUBCATEGORY_COFFEE_RESTAURANT;2025-02-22;ARS
-25153.85;Super xarrefour. Birras ivan 7000 aprox. 17000 fueron rotados a efectivo;CATEGORY_FOOD_AND_DRINKS;SUBCATEGORY_MARKET;2025-02-23;ARS
-7400.00;Sopa y pan. Rotado a efectivo;CATEGORY_FOOD_AND_DRINKS;SUBCATEGORY_MARKET;2025-02-24;ARS
-9598.00;Transaccion que se cobro de cuenta corriente;CATEGORY_OTHERS;SUBCATEGORY_MISSING;2025-03-01;ARS
-125298.96;101 usdt para nexo;CATEGORY_INVESTMENTS;SUBCATEGORY_OTHERS;2025-03-01;ARS
-98895.00;Seguro fiesta;CATEGORY_VEHICLE;SUBCATEGORY_INSURANCE;2025-03-01;ARS
1909063.00;Salario eldar con plus vacacional;CATEGORY_INCOME;SUBCATEGORY_SALARY;2025-03-01;ARS
-0.01;24 y 25 de febrero. Transf de 80600, 350000, 100000, 10000, 90000, 100000 y 100000 plata prestada a rami.;CATEGORY_OTHERS;SUBCATEGORY_MISSING;2025-03-01;ARS
-247981.98;Usdt para btc;CATEGORY_INVESTMENTS;SUBCATEGORY_OTHERS;2025-03-01;ARS
-6300.00;Pepas y baggio;CATEGORY_FOOD_AND_DRINKS;SUBCATEGORY_COFFEE_RESTAURANT;2025-03-03;ARS
-1700.00;Adaptador;CATEGORY_HOUSE_AND_HOME;SUBCATEGORY_OTHERS;2025-03-04;ARS
-30000.00;Nafta axion;CATEGORY_VEHICLE;SUBCATEGORY_FUEL;2025-03-04;ARS
-0.01;Helado para los pibes 3000 que sap me pasaron;CATEGORY_OTHERS;SUBCATEGORY_MISSING;2025-03-05;ARS
-30250.00;Pizza libre. Total: 64500 - 17125 - 16125 - 1000. El resto me pasaron en efectivo. Se confundieron y lo dividieron por 4 asi que me pasaron dos tandas de 15200 y de 16200 en ft;CATEGORY_FOOD_AND_DRINKS;SUBCATEGORY_COFFEE_RESTAURANT;2025-03-05;ARS
-500000.00;Para usd mep para el balance de los dolares de dai;CATEGORY_INVESTMENTS;SUBCATEGORY_OTHERS;2025-03-06;ARS
-30000.00;Bar la emilia. Incluye transaccion de 45000 ars y lo recibido de rami 15000 ars;CATEGORY_LEISURE;SUBCATEGORY_ALCOHOL_TOBACCO;2025-03-09;ARS
-31500.00;Nafta infinia;CATEGORY_VEHICLE;SUBCATEGORY_FUEL;2025-03-10;ARS
-219186.00;Tarjeta Visa Gold;CATEGORY_FINANCIAL_EXPENSES;SUBCATEGORY_OTHERS;2025-03-11;ARS
-73700.00;Mep para tarjeta. Se calcula 60 usd;CATEGORY_FINANCIAL_EXPENSES;SUBCATEGORY_OTHERS;2025-03-12;ARS
-25000.00;Psico;CATEGORY_HEALTH;SUBCATEGORY_OTHERS;2025-03-12;ARS
-42120.00;Regalo kayak para jime;CATEGORY_SHOPS;SUBCATEGORY_GIFTS;2025-03-14;ARS
-29900.00;Accesorios para la guitarra: correa , puas , capo;CATEGORY_LEISURE;SUBCATEGORY_OTHERS;2025-03-14;ARS
-135998.00;Adidas;CATEGORY_SHOPS;SUBCATEGORY_CLOTHES_AND_SHOES;2025-03-17;ARS
-30090.00;Modafinilo;CATEGORY_HEALTH;SUBCATEGORY_OTHERS;2025-03-17;ARS
-3500.00;Pochoclos;CATEGORY_FOOD_AND_DRINKS;SUBCATEGORY_COFFEE_RESTAURANT;2025-03-17;ARS
-29000.00;Ines psico;CATEGORY_HEALTH;SUBCATEGORY_OTHERS;2025-03-17;ARS
-5500.00;El muerto sacar arito;CATEGORY_HEALTH;SUBCATEGORY_BEAUTY;2025-03-20;ARS
-7392.00;Portadiscos;CATEGORY_SHOPS;SUBCATEGORY_ELECTRONICS;2025-03-20;ARS
-21660.00;Birras;CATEGORY_LEISURE;SUBCATEGORY_ALCOHOL_TOBACCO;2025-03-22;ARS
-2000.00;Sube;CATEGORY_TRANSPORTATION;SUBCATEGORY_PUBLIC;2025-03-22;ARS
-5000.00;Sube;CATEGORY_TRANSPORTATION;SUBCATEGORY_PUBLIC;2025-03-22;ARS
-32700.00;Nafta infiniay agua destilada;CATEGORY_VEHICLE;SUBCATEGORY_FUEL;2025-03-22;ARS
5000.00;Plara paty luca;CATEGORY_INCOME;SUBCATEGORY_REFUND_SHARED_EXPENSES;2025-03-23;ARS
-2200.00;Cepita;CATEGORY_FOOD_AND_DRINKS;SUBCATEGORY_COFFEE_RESTAURANT;2025-03-23;ARS
-32000.00;Fernets y cocas;CATEGORY_LEISURE;SUBCATEGORY_ALCOHOL_TOBACCO;2025-03-23;ARS
-20000.00;Efectivo para el reci;CATEGORY_FINANCIAL_EXPENSES;SUBCATEGORY_OTHERS;2025-03-23;ARS
-29000.00;Ines psico;CATEGORY_HEALTH;SUBCATEGORY_OTHERS;2025-03-26;ARS
15000.00;Parte de pago rami quilmes rock;CATEGORY_INCOME;SUBCATEGORY_REFUND_SHARED_EXPENSES;2025-03-26;ARS
20000.00;Parte de pago rami quilmes rock;CATEGORY_INCOME;SUBCATEGORY_REFUND_SHARED_EXPENSES;2025-03-28;ARS
-10000.00;Tapita deposito de agua fiesta. Incluye retiro de 30000 ars y reintegro de 20000 ars;CATEGORY_VEHICLE;SUBCATEGORY_MAINTENANCE;2025-03-28;ARS
-7600.00;Kado;CATEGORY_FOOD_AND_DRINKS;SUBCATEGORY_COFFEE_RESTAURANT;2025-03-28;ARS
16000.00;Parte de pago rami quilmes rock;CATEGORY_INCOME;SUBCATEGORY_REFUND_SHARED_EXPENSES;2025-03-29;ARS
-10000.00;Cumple favri y cata;CATEGORY_SHOPS;SUBCATEGORY_GIFTS;2025-03-30;ARS
14500.00;Ultima parte de pago rami quilmes rock;CATEGORY_INCOME;SUBCATEGORY_REFUND_SHARED_EXPENSES;2025-03-31;ARS
2082718.00;Sueldo Eldar;CATEGORY_INCOME;SUBCATEGORY_SALARY;2025-03-31;ARS
16000.00;Plata quilmes rock rami;CATEGORY_INCOME;SUBCATEGORY_REFUND_SHARED_EXPENSES;2025-03-31;ARS
-9500.00;Tuenti;CATEGORY_SERVICES;SUBCATEGORY_MOBILE_TELEPHONY;2025-03-31;ARS
-102181.00;Seguro fiesta;CATEGORY_VEHICLE;SUBCATEGORY_INSURANCE;2025-04-01;ARS
-545000.00;410 usdt. 300 por lo de dai y 110 mas para nexo;CATEGORY_INVESTMENTS;SUBCATEGORY_OTHERS;2025-04-04;ARS
-18000.00;Fernet orange;CATEGORY_LEISURE;SUBCATEGORY_ALCOHOL_TOBACCO;2025-04-05;ARS
-11000.00;Birra hot pink;CATEGORY_LEISURE;SUBCATEGORY_ALCOHOL_TOBACCO;2025-04-05;ARS
-4000.00;Panchito;CATEGORY_FOOD_AND_DRINKS;SUBCATEGORY_COFFEE_RESTAURANT;2025-04-05;ARS
-10000.00;Birra orange;CATEGORY_LEISURE;SUBCATEGORY_ALCOHOL_TOBACCO;2025-04-05;ARS
-5000.00;A juli por lo del tabaco;CATEGORY_LEISURE;SUBCATEGORY_ALCOHOL_TOBACCO;2025-04-06;ARS
-27000.00;Nafta infinia;CATEGORY_VEHICLE;SUBCATEGORY_FUEL;2025-04-07;ARS
-35000.00;Ines psico;CATEGORY_HEALTH;SUBCATEGORY_OTHERS;2025-04-07;ARS
-900.00;Cañoncitos;CATEGORY_FOOD_AND_DRINKS;SUBCATEGORY_COFFEE_RESTAURANT;2025-04-08;ARS
-4000.00;Locion arito;CATEGORY_HEALTH;SUBCATEGORY_BEAUTY;2025-04-08;ARS
-9500.00;Comida eldar. Transf de 8873 en bbva y 626 en mp;CATEGORY_FOOD_AND_DRINKS;SUBCATEGORY_COFFEE_RESTAURANT;2025-04-08;ARS
-18276.00;Fernet;CATEGORY_LEISURE;SUBCATEGORY_ALCOHOL_TOBACCO;2025-04-08;ARS
-416097.00;Usdt de dai;CATEGORY_FINANCIAL_EXPENSES;SUBCATEGORY_OTHERS;2025-04-08;ARS
24917.00;Cuota airbag pago 1 cami;CATEGORY_INCOME;SUBCATEGORY_REFUND_SHARED_EXPENSES;2025-04-10;ARS
-35000.00;Ines psico;CATEGORY_HEALTH;SUBCATEGORY_OTHERS;2025-04-10;ARS
-0.01;Entraron 100000 a mp y salieron 100000 de bbva a ppi. 73 usd de rami;CATEGORY_OTHERS;SUBCATEGORY_MISSING;2025-04-10;ARS
-7000.00;Libreria;CATEGORY_EDUCATION_AND_DEVELOPMENT;SUBCATEGORY_OTHERS;2025-04-10;ARS
-49618.00;Plata para los 36 usdt correspondientes al Doge de dai;CATEGORY_OTHERS;SUBCATEGORY_MISSING;2025-04-11;ARS
-11500.00;Sanguche de vacio;CATEGORY_FOOD_AND_DRINKS;SUBCATEGORY_COFFEE_RESTAURANT;2025-04-12;ARS
-21200.00;Fernus de rami a papa;CATEGORY_LEISURE;SUBCATEGORY_ALCOHOL_TOBACCO;2025-04-12;ARS
-3000.00;Fiambres;CATEGORY_FOOD_AND_DRINKS;SUBCATEGORY_COFFEE_RESTAURANT;2025-04-12;ARS
21200.00;Fernet rami y lo que queda de airbag;CATEGORY_INCOME;SUBCATEGORY_REFUND_SHARED_EXPENSES;2025-04-12;ARS
-27956.00;Birras quilmes rock;CATEGORY_LEISURE;SUBCATEGORY_ALCOHOL_TOBACCO;2025-04-13;ARS
-2500.00;Puchos;CATEGORY_LEISURE;SUBCATEGORY_ALCOHOL_TOBACCO;2025-04-13;ARS
-29700.00;Birras bar. Pagado a medias con efectivo de p;CATEGORY_LEISURE;SUBCATEGORY_ALCOHOL_TOBACCO;2025-04-13;ARS
-3000.00;Agua;CATEGORY_FOOD_AND_DRINKS;SUBCATEGORY_COFFEE_RESTAURANT;2025-04-14;ARS
-5500.00;Kado;CATEGORY_FOOD_AND_DRINKS;SUBCATEGORY_COFFEE_RESTAURANT;2025-04-15;ARS
-2000.00;Coca;CATEGORY_FOOD_AND_DRINKS;SUBCATEGORY_COFFEE_RESTAURANT;2025-04-15;ARS
-29999.00;Nafta infinia;CATEGORY_VEHICLE;SUBCATEGORY_FUEL;2025-04-15;ARS
-35000.00;Ines psico;CATEGORY_HEALTH;SUBCATEGORY_OTHERS;2025-04-16;ARS
-22000.00;Fernu pagado a medias con rami. 11k en ft;CATEGORY_LEISURE;SUBCATEGORY_ALCOHOL_TOBACCO;2025-04-19;ARS
-163000.00;Los piojos entraras. Transacciones de 150000 y 13000;CATEGORY_LEISURE;SUBCATEGORY_CONCERTS;2025-04-21;ARS
-193.00;Estacionamiento;CATEGORY_VEHICLE;SUBCATEGORY_PARKING;2025-04-24;ARS
-103981.00;Sancor seguros;CATEGORY_VEHICLE;SUBCATEGORY_INSURANCE;2025-04-30;ARS
-9500.00;Transacciones como Compensacion de fondos de 8261 ars y 1372 ars. Tuenti cobrado por la cuenta corriente cuando no habia fondos.;CATEGORY_SERVICES;SUBCATEGORY_MOBILE_TELEPHONY;2025-04-30;ARS
2070041.00;Salario eldar;CATEGORY_INCOME;SUBCATEGORY_SALARY;2025-04-30;ARS
-70000.00;Psico 22-04 y 29-04;CATEGORY_HEALTH;SUBCATEGORY_OTHERS;2025-04-30;ARS
-20000.00;Efectivo para el super;CATEGORY_FOOD_AND_DRINKS;SUBCATEGORY_MARKET;2025-05-01;ARS
-31429.00;Modafinilo;CATEGORY_HEALTH;SUBCATEGORY_OTHERS;2025-05-06;ARS
-1050.00;Barra de cereal;CATEGORY_FOOD_AND_DRINKS;SUBCATEGORY_COFFEE_RESTAURANT;2025-05-06;ARS
-6000.00;Kado;CATEGORY_FOOD_AND_DRINKS;SUBCATEGORY_COFFEE_RESTAURANT;2025-05-06;ARS
-72842.00;Impuestos casa. Transacciones de 15974 ars, 39300 ars y 19568 ars;CATEGORY_SERVICES;SUBCATEGORY_LIGHT_GAS_AND_ENERGY;2025-05-06;ARS
-28750.00;Reco cami y lula bertoldi. 14300 deben venir de rami;CATEGORY_LEISURE;SUBCATEGORY_CONCERTS;2025-05-07;ARS
32000.00;Entrada lls piojos de rami. 32000/53000 ars;CATEGORY_INCOME;SUBCATEGORY_REFUND_SHARED_EXPENSES;2025-05-08;ARS
-600000.00;Para comprar los 500 usd fisicos de dai;CATEGORY_INCOME;SUBCATEGORY_EXCHANGE;2025-05-08;ARS
-2000.00;Estacionamiento sem 3 de feb;CATEGORY_VEHICLE;SUBCATEGORY_PARKING;2025-05-09;ARS
-411744.90;Tarjeta Visa Gold;CATEGORY_FINANCIAL_EXPENSES;SUBCATEGORY_OTHERS;2025-05-10;ARS
-5400.00;Birra. Pagado a medias con estela. Transf de 10800 y 5400;CATEGORY_LEISURE;SUBCATEGORY_ALCOHOL_TOBACCO;2025-05-11;ARS
-5400.00;Birra. Pagado a medias con estela. Transf de 10800 y 5400;CATEGORY_LEISURE;SUBCATEGORY_ALCOHOL_TOBACCO;2025-05-11;ARS
-2700.00;Pucho;CATEGORY_LEISURE;SUBCATEGORY_ALCOHOL_TOBACCO;2025-05-11;ARS
-20000.00;Soldador y estaño. Transf de 32500 ars;CATEGORY_HOUSE_AND_HOME;SUBCATEGORY_TOOLS;2025-05-12;ARS
-12500.00;Gotita transf 32500 ars;CATEGORY_HEALTH;SUBCATEGORY_OTHERS;2025-05-12;ARS
-35000.00;Psico del martes 6-05;CATEGORY_HEALTH;SUBCATEGORY_OTHERS;2025-05-13;ARS
-46000.00;Reci guasones zarate;CATEGORY_LEISURE;SUBCATEGORY_CONCERTS;2025-05-13;ARS
-9750.00;Paddle  6750 + paletas 3000;CATEGORY_SPORTS;SUBCATEGORY_OTHERS;2025-05-13;ARS
-1750.00;Coca cola;CATEGORY_FOOD_AND_DRINKS;SUBCATEGORY_COFFEE_RESTAURANT;2025-05-13;ARS
-8500.00;Kado;CATEGORY_FOOD_AND_DRINKS;SUBCATEGORY_COFFEE_RESTAURANT;2025-05-13;ARS
-30000.00;Shell v power;CATEGORY_VEHICLE;SUBCATEGORY_FUEL;2025-05-13;ARS
-35000.00;Psico martes 13-05;CATEGORY_HEALTH;SUBCATEGORY_OTHERS;2025-05-14;ARS
-25000.00;Psiquiatra mami mitad con papa;CATEGORY_HEALTH;SUBCATEGORY_OTHERS;2025-05-14;ARS
-10000.00;Corte de pelo;CATEGORY_HEALTH;SUBCATEGORY_BEAUTY;2025-05-14;ARS
74750.00;Entrada los piojos river 24-05 seba;CATEGORY_INCOME;SUBCATEGORY_REFUND_SHARED_EXPENSES;2025-05-14;ARS
-8500.00;Comida eldar;CATEGORY_FOOD_AND_DRINKS;SUBCATEGORY_COFFEE_RESTAURANT;2025-05-15;ARS
-13750.00;Comida en moran pagada a medias con rami. Total 27500 ars;CATEGORY_FOOD_AND_DRINKS;SUBCATEGORY_COFFEE_RESTAURANT;2025-05-16;ARS
24917.00;Cuota 2/3 airbag cami;CATEGORY_INCOME;SUBCATEGORY_REFUND_SHARED_EXPENSES;2025-05-16;ARS
-17000.00;Sushi kosuri pedidsoya;CATEGORY_FOOD_AND_DRINKS;SUBCATEGORY_COFFEE_RESTAURANT;2025-05-18;ARS
-50000.00;Plata remedios jime;CATEGORY_FINANCIAL_EXPENSES;SUBCATEGORY_LOAN;2025-05-20;ARS
-107818.00;Sancor seguros;CATEGORY_VEHICLE;SUBCATEGORY_INSURANCE;2025-05-21;ARS
-28382.00;Cobowongo pagado a medias con rami;CATEGORY_FOOD_AND_DRINKS;SUBCATEGORY_COFFEE_RESTAURANT;2025-05-22;ARS
-25216.00;Fernets. Pagados con rami y el chevo. Total 35216;CATEGORY_LEISURE;SUBCATEGORY_ALCOHOL_TOBACCO;2025-05-24;ARS
-140000.00;Electroventilador;CATEGORY_VEHICLE;SUBCATEGORY_MAINTENANCE;2025-05-24;ARS
-35000.00;Ines psico;CATEGORY_HEALTH;SUBCATEGORY_OTHERS;2025-05-25;ARS
-80000.00;Compra de usdt por p2p bybit;CATEGORY_INVESTMENTS;SUBCATEGORY_OTHERS;2025-05-26;ARS
-28000.00;Gym hook cross;CATEGORY_SPORTS;SUBCATEGORY_OTHERS;2025-05-26;ARS
682857.00;Venta de 600 usd mep y plata en pesos que tenia en ppi;CATEGORY_INCOME;SUBCATEGORY_EXCHANGE;2025-05-27;ARS
-600000.00;Devuelvo 600000 que me presto papa;CATEGORY_FINANCIAL_EXPENSES;SUBCATEGORY_LOAN;2025-05-27;ARS
-0.01;70000 ars mecanico. 10000 ars empanadas rincon salteño.;CATEGORY_OTHERS;SUBCATEGORY_MISSING;2025-05-27;ARS
-9000.00;Padel 7000 y 2000 ars;CATEGORY_SPORTS;SUBCATEGORY_OTHERS;2025-05-28;ARS
2066966.00;Salario eldar;CATEGORY_INCOME;SUBCATEGORY_SALARY;2025-05-31;ARS
-9500.00;Tuenti;CATEGORY_SERVICES;SUBCATEGORY_MOBILE_TELEPHONY;2025-05-31;ARS
-30000.00;Nafta shell;CATEGORY_VEHICLE;SUBCATEGORY_FUEL;2025-06-02;ARS
-80000.00;Mecanico efectivo papa;CATEGORY_VEHICLE;SUBCATEGORY_MAINTENANCE;2025-06-02;ARS
-35000.00;Psico del 27-05;CATEGORY_HEALTH;SUBCATEGORY_OTHERS;2025-06-02;ARS
-30000.00;Comida de koko y cumple cata;CATEGORY_HOUSE_AND_HOME;SUBCATEGORY_OTHERS;2025-06-02;ARS
-30000.00;Efectivo de papa y mama;CATEGORY_FINANCIAL_EXPENSES;SUBCATEGORY_LOAN;2025-06-02;ARS
-21796.00;Pago adelantado parte pesos tarjeta. Se deberian reintegrar 17125 ars;CATEGORY_FINANCIAL_EXPENSES;SUBCATEGORY_OTHERS;2025-06-03;ARS
-360546.00;Plata para invertir en mstr. Parte 2 de la reposicion de 600 usd;CATEGORY_INVESTMENTS;SUBCATEGORY_OTHERS;2025-06-03;ARS
-356700.00;Usdt para btc. Parte 1 de la reposicion de 600 usd;CATEGORY_INVESTMENTS;SUBCATEGORY_OTHERS;2025-06-03;ARS
-31220.00;Finlandia ramen jamón y otros;CATEGORY_FOOD_AND_DRINKS;SUBCATEGORY_MARKET;2025-06-04;ARS
-57900.00;Shampoo y loción schwanek;CATEGORY_HEALTH;SUBCATEGORY_OTHERS;2025-06-05;ARS
-305824.00;Tarjeta Visa Gold;CATEGORY_FINANCIAL_EXPENSES;SUBCATEGORY_OTHERS;2025-06-06;ARS
-50000.00;Dentista;CATEGORY_HEALTH;SUBCATEGORY_OTHERS;2025-06-07;ARS
-6975.00;Cine;CATEGORY_LEISURE;SUBCATEGORY_CINEMA_AND_THEATER;2025-06-07;ARS
-35000.00;Ines psico;CATEGORY_HEALTH;SUBCATEGORY_OTHERS;2025-06-07;ARS
-45000.00;Comida koko;CATEGORY_PETS;SUBCATEGORY_FOOD;2025-06-08;ARS
-50400.00;Fernets y coca;CATEGORY_LEISURE;SUBCATEGORY_ALCOHOL_TOBACCO;2025-06-08;ARS
-5500.00;Pizzas;CATEGORY_FOOD_AND_DRINKS;SUBCATEGORY_COFFEE_RESTAURANT;2025-06-08;ARS
-10600.00;Alfombra;CATEGORY_HOUSE_AND_HOME;SUBCATEGORY_OTHERS;2025-06-09;ARS
24917.00;Entrada airbag cami cuota 3/3;CATEGORY_INCOME;SUBCATEGORY_REFUND_SHARED_EXPENSES;2025-06-09;ARS
-9425.00;Cosas bimbo;CATEGORY_FOOD_AND_DRINKS;SUBCATEGORY_MARKET;2025-06-10;ARS
-6500.00;Kado;CATEGORY_FOOD_AND_DRINKS;SUBCATEGORY_COFFEE_RESTAURANT;2025-06-10;ARS
-4000.00;Sube;CATEGORY_TRANSPORTATION;SUBCATEGORY_PUBLIC;2025-06-10;ARS
-35000.00;Ines psico 10-06;CATEGORY_HEALTH;SUBCATEGORY_OTHERS;2025-06-11;ARS
-8500.00;Comida eldar;CATEGORY_FOOD_AND_DRINKS;SUBCATEGORY_COFFEE_RESTAURANT;2025-06-12;ARS
-2000.00;Sube;CATEGORY_TRANSPORTATION;SUBCATEGORY_PUBLIC;2025-06-12;ARS
-4000.00;Sube;CATEGORY_TRANSPORTATION;SUBCATEGORY_PUBLIC;2025-06-12;ARS
-9450.00;Fernet chico;CATEGORY_LEISURE;SUBCATEGORY_ALCOHOL_TOBACCO;2025-06-13;ARS
-9900.00;Uber de lo de licha a casa;CATEGORY_TRANSPORTATION;SUBCATEGORY_TAXI;2025-06-14;ARS
-22525.00;Cuenta total con estela, fernet grande y chico, dos cocas y hielo. Incluye transacciones: +10225 mp,;CATEGORY_LEISURE;SUBCATEGORY_ALCOHOL_TOBACCO;2025-06-14;ARS
14500.00;Fernet para el amigo de estela;CATEGORY_INCOME;SUBCATEGORY_REFUND_SHARED_EXPENSES;2025-06-14;ARS
-4000.00;Uber con licha;CATEGORY_TRANSPORTATION;SUBCATEGORY_TAXI;2025-06-14;ARS
-4000.00;Uber a casa de licha;CATEGORY_TRANSPORTATION;SUBCATEGORY_TAXI;2025-06-15;ARS
-44000.00;Remedios de jime y placout. Incluye transacciones 60000 (out) 14000 (in);CATEGORY_HEALTH;SUBCATEGORY_OTHERS;2025-06-17;ARS
-6000.00;Kado;CATEGORY_FOOD_AND_DRINKS;SUBCATEGORY_COFFEE_RESTAURANT;2025-06-17;ARS
-4000.00;Sube;CATEGORY_TRANSPORTATION;SUBCATEGORY_PUBLIC;2025-06-17;ARS
-25000.00;Micro reci guasones;CATEGORY_LEISURE;SUBCATEGORY_CONCERTS;2025-06-17;ARS
-4400.00;Dietetica galletitas y frutos secos;CATEGORY_FOOD_AND_DRINKS;SUBCATEGORY_COFFEE_RESTAURANT;2025-06-17;ARS
-35000.00;Ines psico;CATEGORY_HEALTH;SUBCATEGORY_OTHERS;2025-06-18;ARS
-20000.00;Efectivo para reci guasones;CATEGORY_FINANCIAL_EXPENSES;SUBCATEGORY_OTHERS;2025-06-18;ARS
-3000.00;Sube;CATEGORY_TRANSPORTATION;SUBCATEGORY_PUBLIC;2025-06-19;ARS
239730.00;Venta de 200 usd ppi;CATEGORY_INCOME;SUBCATEGORY_EXCHANGE;2025-06-19;ARS
-71000.00;Veterinario koko;CATEGORY_PETS;SUBCATEGORY_FOOD;2025-06-19;ARS
-5000.00;Sube;CATEGORY_TRANSPORTATION;SUBCATEGORY_PUBLIC;2025-06-19;ARS
-300000.00;Monitor;CATEGORY_SHOPS;SUBCATEGORY_ELECTRONICS;2025-06-20;ARS
-21000.00;Patys;CATEGORY_FOOD_AND_DRINKS;SUBCATEGORY_COFFEE_RESTAURANT;2025-06-22;ARS
-5370.00;Uber;CATEGORY_TRANSPORTATION;SUBCATEGORY_TAXI;2025-06-23;ARS
-5000.00;Sube;CATEGORY_TRANSPORTATION;SUBCATEGORY_PUBLIC;2025-06-24;ARS
-41878.00;Modafinilo y factor dermico;CATEGORY_HEALTH;SUBCATEGORY_OTHERS;2025-06-24;ARS
-35000.00;Ines psico 24-05;CATEGORY_HEALTH;SUBCATEGORY_OTHERS;2025-06-25;ARS
-10000.00;Peluqueria;CATEGORY_HEALTH;SUBCATEGORY_BEAUTY;2025-06-26;ARS
-10300.00;Tuenti;CATEGORY_SERVICES;SUBCATEGORY_MOBILE_TELEPHONY;2025-06-27;ARS
-6350.00;Uber;CATEGORY_TRANSPORTATION;SUBCATEGORY_TAXI;2025-06-28;ARS
-2000.00;Cafe;CATEGORY_FOOD_AND_DRINKS;SUBCATEGORY_COFFEE_RESTAURANT;2025-06-28;ARS
-56500.00;Bar cami. Incluye transf de 7500 de rami;CATEGORY_LEISURE;SUBCATEGORY_ALCOHOL_TOBACCO;2025-06-29;ARS
-4790.00;Uber;CATEGORY_TRANSPORTATION;SUBCATEGORY_TAXI;2025-06-29;ARS
-9500.00;Kiosco;CATEGORY_LEISURE;SUBCATEGORY_ALCOHOL_TOBACCO;2025-06-29;ARS
-74550.00;Reco los piojos 25-05;CATEGORY_LEISURE;SUBCATEGORY_CONCERTS;2025-07-01;ARS
-4000.00;Sube;CATEGORY_TRANSPORTATION;SUBCATEGORY_PUBLIC;2025-07-01;ARS
3239298.00;Salario eldar;CATEGORY_INCOME;SUBCATEGORY_SALARY;2025-07-01;ARS
-110974.00;Sancor seguros;CATEGORY_VEHICLE;SUBCATEGORY_INSURANCE;2025-07-01;ARS
-35000.00;Ines psico;CATEGORY_HEALTH;SUBCATEGORY_OTHERS;2025-07-01;ARS
-4000.00;Sube;CATEGORY_TRANSPORTATION;SUBCATEGORY_PUBLIC;2025-07-02;ARS
-65000.00;Entrada la renga transferido a Juli;CATEGORY_LEISURE;SUBCATEGORY_CONCERTS;2025-07-02;ARS
-59500.00;18969 ars (edenor), 20766 ars (gas), 19764 agua y saneamiento;CATEGORY_LEISURE;SUBCATEGORY_CONCERTS;2025-07-04;ARS
-60000.00;Retiro efectivo reci la renga;CATEGORY_FINANCIAL_EXPENSES;SUBCATEGORY_OTHERS;2025-07-05;ARS
-11000.00;La renga parte de la entrada;CATEGORY_LEISURE;SUBCATEGORY_CONCERTS;2025-07-05;ARS
-20000.00;Efectivo papa;CATEGORY_FINANCIAL_EXPENSES;SUBCATEGORY_OTHERS;2025-07-05;ARS
-28000.00;Hook;CATEGORY_SPORTS;SUBCATEGORY_OTHERS;2025-07-05;ARS
47800.00;Cuentas de los gastos con juli;CATEGORY_INCOME;SUBCATEGORY_REFUND_SHARED_EXPENSES;2025-07-06;ARS
-232346.00;Tarjeta Visa Gold;CATEGORY_FINANCIAL_EXPENSES;SUBCATEGORY_OTHERS;2025-07-07;ARS
-3792.00;Tarjeta Master Gold;CATEGORY_FINANCIAL_EXPENSES;SUBCATEGORY_OTHERS;2025-07-07;ARS
-35000.00;Ines psico;CATEGORY_HEALTH;SUBCATEGORY_OTHERS;2025-07-08;ARS
-8000.00;Sube;CATEGORY_TRANSPORTATION;SUBCATEGORY_PUBLIC;2025-07-08;ARS
50000.00;Deudas rami.  12460 x 2 (airbag) + 14300 (ciclo bestias) + 10000( los piojos river) + 780 ( desconte a sdp) = 50000;CATEGORY_INCOME;SUBCATEGORY_REFUND_SHARED_EXPENSES;2025-07-08;ARS
-220000.00;Repuestos opticas cacho bosch. Seña 50%;CATEGORY_VEHICLE;SUBCATEGORY_MAINTENANCE;2025-07-10;ARS
-237900.00;Repuestos frente delantero y paragolpe km 21;CATEGORY_VEHICLE;SUBCATEGORY_MAINTENANCE;2025-07-10;ARS
-50000.00;Efectivo para joda de luis;CATEGORY_FINANCIAL_EXPENSES;SUBCATEGORY_OTHERS;2025-07-12;ARS
-220000.00;Opticas pago completo;CATEGORY_VEHICLE;SUBCATEGORY_MAINTENANCE;2025-07-14;ARS
-50000.00;Medicamentos jime;CATEGORY_HEALTH;SUBCATEGORY_OTHERS;2025-07-15;ARS
-11000.00;Comida eldar;CATEGORY_FOOD_AND_DRINKS;SUBCATEGORY_COFFEE_RESTAURANT;2025-07-15;ARS
-35000.00;Ines psico;CATEGORY_HEALTH;SUBCATEGORY_OTHERS;2025-07-15;ARS
-4000.00;Sube;CATEGORY_TRANSPORTATION;SUBCATEGORY_PUBLIC;2025-07-15;ARS
502485.00;Venta de 400 usd;CATEGORY_LEISURE;SUBCATEGORY_OTHERS;2025-07-15;ARS
-450000.00;Guitarra;CATEGORY_LEISURE;SUBCATEGORY_OTHERS;2025-07-15;ARS
-933800.00;Paso de usd a ppi para 725 usdt a 1288 el usdt. 921480 + 12320 ars.;CATEGORY_FINANCIAL_EXPENSES;SUBCATEGORY_OTHERS;2025-07-16;ARS
-13306.55;Shell v power moto;CATEGORY_VEHICLE;SUBCATEGORY_FUEL;2025-07-17;ARS
938918.50;Venta de 725 usdt;CATEGORY_INCOME;SUBCATEGORY_REFUND_SHARED_EXPENSES;2025-07-17;ARS
-560000.00;Efectivo para auto;CATEGORY_VEHICLE;SUBCATEGORY_MAINTENANCE;2025-07-17;ARS
-35000.00;Ines psico;CATEGORY_HEALTH;SUBCATEGORY_OTHERS;2025-07-21;ARS
-7500.00;Regalo fede transf de 37500;CATEGORY_SHOPS;SUBCATEGORY_GIFTS;2025-07-21;ARS
-27000.00;Correa;CATEGORY_VEHICLE;SUBCATEGORY_MAINTENANCE;2025-07-21;ARS
-30000.00;Efectivo fin de semana transf de 37500;CATEGORY_FINANCIAL_EXPENSES;SUBCATEGORY_OTHERS;2025-07-22;ARS
-6500.00;Kado;CATEGORY_FOOD_AND_DRINKS;SUBCATEGORY_COFFEE_RESTAURANT;2025-07-22;ARS
-4000.00;Recarga sube;CATEGORY_TRANSPORTATION;SUBCATEGORY_PUBLIC;2025-07-22;ARS
-20000.00;Almohada para el auto;CATEGORY_HOUSE_AND_HOME;SUBCATEGORY_OTHERS;2025-07-23;ARS
-5810.00;Galletitas dietetica;CATEGORY_FOOD_AND_DRINKS;SUBCATEGORY_MARKET;2025-07-23;ARS
-10300.00;Kado;CATEGORY_FOOD_AND_DRINKS;SUBCATEGORY_COFFEE_RESTAURANT;2025-07-25;ARS
-4000.00;Sube;CATEGORY_TRANSPORTATION;SUBCATEGORY_PUBLIC;2025-07-25;ARS
-5000.00;Medias;CATEGORY_SHOPS;SUBCATEGORY_CLOTHES_AND_SHOES;2025-07-25;ARS
-111034.00;Seguro sancor;CATEGORY_VEHICLE;SUBCATEGORY_INSURANCE;2025-07-25;ARS
-56100.00;Accesorios guitarra;CATEGORY_LEISURE;SUBCATEGORY_OTHERS;2025-07-28;ARS
-10300.00;Tuenti;CATEGORY_SERVICES;SUBCATEGORY_MOBILE_TELEPHONY;2025-07-28;ARS
-28000.00;Hook gym;CATEGORY_SPORTS;SUBCATEGORY_OTHERS;2025-07-29;ARS
-61578.00;Termo mate y auris;CATEGORY_HOUSE_AND_HOME;SUBCATEGORY_OTHERS;2025-07-30;ARS
-50300.00;Shampoo y loción schwanek;CATEGORY_HEALTH;SUBCATEGORY_BEAUTY;2025-07-31;ARS
-220000.00;Bici eclipse;CATEGORY_HOUSE_AND_HOME;SUBCATEGORY_OTHERS;2025-07-31;ARS
-6500.00;Kado;CATEGORY_FOOD_AND_DRINKS;SUBCATEGORY_COFFEE_RESTAURANT;2025-08-01;ARS
-4800.00;Medialunas;CATEGORY_FOOD_AND_DRINKS;SUBCATEGORY_COFFEE_RESTAURANT;2025-08-01;ARS
-60000.00;Correa nueva;CATEGORY_VEHICLE;SUBCATEGORY_MAINTENANCE;2025-08-01;ARS
7323.00;Intereses mp;CATEGORY_INCOME;SUBCATEGORY_EXCHANGE;2025-08-01;ARS
-103500.00;Reci cielo razzo. Incluye transacciones de 90000 ars y 13500 ars;CATEGORY_LEISURE;SUBCATEGORY_CONCERTS;2025-08-02;ARS
-45000.00;Comida sancho;CATEGORY_FOOD_AND_DRINKS;SUBCATEGORY_COFFEE_RESTAURANT;2025-08-02;ARS
-19200.00;Fernet;CATEGORY_LEISURE;SUBCATEGORY_ALCOHOL_TOBACCO;2025-08-02;ARS
34500.00;Seba entrada cielo razzo;CATEGORY_INCOME;SUBCATEGORY_REFUND_SHARED_EXPENSES;2025-08-02;ARS
36000.00;Reembolso de la comida de sancho. Rami seba carmo perce;CATEGORY_INCOME;SUBCATEGORY_REFUND_SHARED_EXPENSES;2025-08-02;ARS
2294183.00;;CATEGORY_INCOME;SUBCATEGORY_SALARY;2025-08-02;ARS
-543200.00;Dolar mep;CATEGORY_INVESTMENTS;SUBCATEGORY_OTHERS;2025-08-05;ARS
-85036.00;Luz gas agua;CATEGORY_SERVICES;SUBCATEGORY_OTHERS;2025-08-06;ARS
-15011.00;Moto nafta v poweer;CATEGORY_VEHICLE;SUBCATEGORY_FUEL;2025-08-06;ARS
-267000.00;Dolar mep;CATEGORY_INVESTMENTS;SUBCATEGORY_OTHERS;2025-08-07;ARS
-143231.00;Tarjeta Master Gold;CATEGORY_FINANCIAL_EXPENSES;SUBCATEGORY_OTHERS;2025-08-08;ARS
-28921.00;Tsrjeta visa gold;CATEGORY_FINANCIAL_EXPENSES;SUBCATEGORY_OTHERS;2025-08-08;ARS
-1500.00;Helado burger;CATEGORY_FOOD_AND_DRINKS;SUBCATEGORY_COFFEE_RESTAURANT;2025-08-09;ARS
-4100.00;Cafe capuccino;CATEGORY_FOOD_AND_DRINKS;SUBCATEGORY_COFFEE_RESTAURANT;2025-08-09;ARS
-11800.00;Burger;CATEGORY_FOOD_AND_DRINKS;SUBCATEGORY_COFFEE_RESTAURANT;2025-08-09;ARS
-5000.00;Dona candy moon;CATEGORY_FOOD_AND_DRINKS;SUBCATEGORY_COFFEE_RESTAURANT;2025-08-09;ARS
-4000.00;Sube;CATEGORY_TRANSPORTATION;SUBCATEGORY_PUBLIC;2025-08-09;ARS
-79900.00;Zapas oxford;CATEGORY_SHOPS;SUBCATEGORY_CLOTHES_AND_SHOES;2025-08-10;ARS
-3000.00;Sundae;CATEGORY_FOOD_AND_DRINKS;SUBCATEGORY_COFFEE_RESTAURANT;2025-08-10;ARS
-4200.00;Llavero y sahumerios. Trans de 2000 y 2200 ars;CATEGORY_SHOPS;SUBCATEGORY_DRUGSTORE;2025-08-10;ARS
-1800.00;Gaseosa;CATEGORY_FOOD_AND_DRINKS;SUBCATEGORY_COFFEE_RESTAURANT;2025-08-10;ARS
-8000.00;Abakur sanguche;CATEGORY_FOOD_AND_DRINKS;SUBCATEGORY_COFFEE_RESTAURANT;2025-08-10;ARS
-10000.00;Pelu;CATEGORY_HEALTH;SUBCATEGORY_BEAUTY;2025-08-13;ARS
-20000.00;Cable auxiliar;CATEGORY_SHOPS;SUBCATEGORY_ELECTRONICS;2025-08-13;ARS
-7500.00;Cumple gino;CATEGORY_SHOPS;SUBCATEGORY_GIFTS;2025-08-14;ARS
-32000.00;Modafinilo;CATEGORY_HEALTH;SUBCATEGORY_OTHERS;2025-08-14;ARS
-4300.00;Cala fernet;CATEGORY_LEISURE;SUBCATEGORY_ALCOHOL_TOBACCO;2025-08-16;ARS
-2900.00;Malboro;CATEGORY_LEISURE;SUBCATEGORY_ALCOHOL_TOBACCO;2025-08-16;ARS
-4300.00;Francisco antonio rivas?? Mp;CATEGORY_OTHERS;SUBCATEGORY_MISSING;2025-08-16;ARS
-3500.00;Hielo;CATEGORY_LEISURE;SUBCATEGORY_ALCOHOL_TOBACCO;2025-08-16;ARS
46000.00;Entrada sdp y cuota airbag rami;CATEGORY_INCOME;SUBCATEGORY_REFUND_SHARED_EXPENSES;2025-08-16;ARS
-40000.00;Efectivo;CATEGORY_FINANCIAL_EXPENSES;SUBCATEGORY_OTHERS;2025-08-17;ARS
-186724.00;Parlante jbl flip;CATEGORY_SHOPS;SUBCATEGORY_ELECTRONICS;2025-08-17;ARS
-8900.00;Chipas dulce hora;CATEGORY_FOOD_AND_DRINKS;SUBCATEGORY_COFFEE_RESTAURANT;2025-08-19;ARS
-13075.00;Galletitas dietetica;CATEGORY_FOOD_AND_DRINKS;SUBCATEGORY_MARKET;2025-08-19;ARS
-4000.00;Sube;CATEGORY_TRANSPORTATION;SUBCATEGORY_PUBLIC;2025-08-19;ARS
-6500.00;Kado Ensalada de palta y carne chica;CATEGORY_FOOD_AND_DRINKS;SUBCATEGORY_COFFEE_RESTAURANT;2025-08-19;ARS
-6520.00;Fiambres cheddar panceta;CATEGORY_FOOD_AND_DRINKS;SUBCATEGORY_COFFEE_RESTAURANT;2025-08-22;ARS
-7000.00;Kado;CATEGORY_FOOD_AND_DRINKS;SUBCATEGORY_COFFEE_RESTAURANT;2025-08-22;ARS
-35000.00;Patys sin querer;CATEGORY_FOOD_AND_DRINKS;SUBCATEGORY_COFFEE_RESTAURANT;2025-08-22;ARS
-4000.00;Sube;CATEGORY_TRANSPORTATION;SUBCATEGORY_PUBLIC;2025-08-22;ARS
-3000.00;Sube;CATEGORY_TRANSPORTATION;SUBCATEGORY_PUBLIC;2025-08-22;ARS
-7300.00;Arabe untref;CATEGORY_FOOD_AND_DRINKS;SUBCATEGORY_COFFEE_RESTAURANT;2025-08-23;ARS
-7500.00;Cumple hija de nico;CATEGORY_SHOPS;SUBCATEGORY_GIFTS;2025-08-25;ARS
-35000.00;Ines psico;CATEGORY_HEALTH;SUBCATEGORY_OTHERS;2025-08-25;ARS
-6000.00;Fernet juli;CATEGORY_LEISURE;SUBCATEGORY_ALCOHOL_TOBACCO;2025-08-25;ARS
-115447.00;Sancor seguros;CATEGORY_VEHICLE;SUBCATEGORY_INSURANCE;2025-08-25;ARS
-40000.00;Ines psico;CATEGORY_HEALTH;SUBCATEGORY_OTHERS;2025-08-26;ARS
-70000.00;Remedio jime;CATEGORY_HEALTH;SUBCATEGORY_OTHERS;2025-08-26;ARS
-26023.00;Nafta v power shell yaris;CATEGORY_VEHICLE;SUBCATEGORY_FUEL;2025-08-26;ARS
2294183.00;Salario eldar;CATEGORY_INCOME;SUBCATEGORY_SALARY;2025-08-29;ARS
-7000.00;Kado;CATEGORY_FOOD_AND_DRINKS;SUBCATEGORY_COFFEE_RESTAURANT;2025-08-29;ARS
-4000.00;Sem 3 f;CATEGORY_VEHICLE;SUBCATEGORY_PARKING;2025-09-01;ARS
-20000.00;Sesion masajes;CATEGORY_HEALTH;SUBCATEGORY_OTHERS;2025-09-02;ARS
-85150.00;Agua gas luz;CATEGORY_SERVICES;SUBCATEGORY_LIGHT_GAS_AND_ENERGY;2025-09-04;ARS
-40000.00;Ines psico;CATEGORY_HEALTH;SUBCATEGORY_OTHERS;2025-09-04;ARS
-6360.00;Dietética;CATEGORY_FOOD_AND_DRINKS;SUBCATEGORY_MARKET;2025-09-05;ARS
-157371.98;Tarjeta Master Gold;CATEGORY_FINANCIAL_EXPENSES;SUBCATEGORY_OTHERS;2025-09-05;ARS
-19900.00;Comida globito;CATEGORY_FOOD_AND_DRINKS;SUBCATEGORY_COFFEE_RESTAURANT;2025-09-05;ARS
-15262.20;Tarjeta Master Gold;CATEGORY_FINANCIAL_EXPENSES;SUBCATEGORY_OTHERS;2025-09-05;ARS
-95317.36;Tarjeta Visa Gold;CATEGORY_FINANCIAL_EXPENSES;SUBCATEGORY_OTHERS;2025-09-05;ARS
12300.00;Reintegro de rami parrilla;CATEGORY_INCOME;SUBCATEGORY_REFUND_SHARED_EXPENSES;2025-09-06;ARS
-37000.00;Parrilla;CATEGORY_FOOD_AND_DRINKS;SUBCATEGORY_COFFEE_RESTAURANT;2025-09-06;ARS
-27000.00;Colt;CATEGORY_LEISURE;SUBCATEGORY_OTHERS;2025-09-07;ARS
-580000.00;Compra ee 400 usd a 1450 ars;CATEGORY_INCOME;SUBCATEGORY_EXCHANGE;2025-09-08;ARS
-40000.00;Ines psico;CATEGORY_HEALTH;SUBCATEGORY_OTHERS;2025-09-11;ARS
-596200.00;Parte 2 tratamiento schwanek;CATEGORY_HEALTH;SUBCATEGORY_OTHERS;2025-09-11;ARS
-10000.00;Regalo mati;CATEGORY_SHOPS;SUBCATEGORY_GIFTS;2025-09-12;ARS
-11700.00;Bar cumple mati;CATEGORY_LEISURE;SUBCATEGORY_ALCOHOL_TOBACCO;2025-09-14;ARS
-10000.00;Transf en mp a Rolando Adrian Marineli;CATEGORY_LEISURE;SUBCATEGORY_ALCOHOL_TOBACCO;2025-09-15;ARS
-2200.00;Birras mono;CATEGORY_LEISURE;SUBCATEGORY_ALCOHOL_TOBACCO;2025-09-15;ARS
-20000.00;Efectivo a papa. Trans de 52000;CATEGORY_FINANCIAL_EXPENSES;SUBCATEGORY_OTHERS;2025-09-16;ARS
-4280.00;El mono birras;CATEGORY_LEISURE;SUBCATEGORY_ALCOHOL_TOBACCO;2025-09-16;ARS
-101558.00;Tensor;CATEGORY_VEHICLE;SUBCATEGORY_MAINTENANCE;2025-09-16;ARS
-4996.00;Cabify hasta la facu;CATEGORY_TRANSPORTATION;SUBCATEGORY_TAXI;2025-09-16;ARS
-32000.00;Modafinilo. Transf de 52000;CATEGORY_HEALTH;SUBCATEGORY_OTHERS;2025-09-16;ARS
-40000.00;Psicologa ines;CATEGORY_HEALTH;SUBCATEGORY_OTHERS;2025-09-17;ARS
-8400.00;Kado;CATEGORY_FOOD_AND_DRINKS;SUBCATEGORY_COFFEE_RESTAURANT;2025-09-19;ARS
-4650.00;Dulce hora;CATEGORY_FOOD_AND_DRINKS;SUBCATEGORY_COFFEE_RESTAURANT;2025-09-19;ARS
-36000.00;Parrilla naza;CATEGORY_FOOD_AND_DRINKS;SUBCATEGORY_COFFEE_RESTAURANT;2025-09-20;ARS
-23000.00;Xlr eslavos;CATEGORY_LEISURE;SUBCATEGORY_ALCOHOL_TOBACCO;2025-09-21;ARS
-27000.00;Colt;CATEGORY_LEISURE;SUBCATEGORY_HOTELS;2025-09-21;ARS
-4500.00;Merienda untref;CATEGORY_FOOD_AND_DRINKS;SUBCATEGORY_COFFEE_RESTAURANT;2025-09-22;ARS
114244.00;Retiro de pesos ppi;CATEGORY_INCOME;SUBCATEGORY_EXCHANGE;2025-09-23;ARS
-115717.00;Sancor seguros;CATEGORY_VEHICLE;SUBCATEGORY_INSURANCE;2025-09-23;ARS
-13800.00;Tarumba entradas;CATEGORY_LEISURE;SUBCATEGORY_CONCERTS;2025-09-23;ARS
-40000.00;Ines psico;CATEGORY_HEALTH;SUBCATEGORY_OTHERS;2025-09-24;ARS
-22508.00;Shell v power;CATEGORY_VEHICLE;SUBCATEGORY_FUEL;2025-09-25;ARS
-2400.00;Paso de los toros;CATEGORY_FOOD_AND_DRINKS;SUBCATEGORY_COFFEE_RESTAURANT;2025-09-27;ARS
-27000.00;Vinos;CATEGORY_LEISURE;SUBCATEGORY_ALCOHOL_TOBACCO;2025-09-28;ARS
-7800.00;Comida con los chicos;CATEGORY_FOOD_AND_DRINKS;SUBCATEGORY_COFFEE_RESTAURANT;2025-09-28;ARS
68000.00;Pago de la mitad de la cuota 2/2 se las ruedas;CATEGORY_INCOME;SUBCATEGORY_REFUND_SHARED_EXPENSES;2025-09-29;ARS
-4300.00;Untref cafe;CATEGORY_FOOD_AND_DRINKS;SUBCATEGORY_COFFEE_RESTAURANT;2025-09-29;ARS
-8850.00;Chipa;CATEGORY_FOOD_AND_DRINKS;SUBCATEGORY_COFFEE_RESTAURANT;2025-09-30;ARS
-35891.00;Polea;CATEGORY_VEHICLE;SUBCATEGORY_MAINTENANCE;2025-09-30;ARS
-40000.00;Ines psico;CATEGORY_HEALTH;SUBCATEGORY_OTHERS;2025-09-30;ARS
-12800.00;Jamon y queso;CATEGORY_FOOD_AND_DRINKS;SUBCATEGORY_MARKET;2025-09-30;ARS
-423000.00;Comora usd a 1410;CATEGORY_INVESTMENTS;SUBCATEGORY_OTHERS;2025-09-30;ARS
-6500.00;Kado;CATEGORY_FOOD_AND_DRINKS;SUBCATEGORY_COFFEE_RESTAURANT;2025-09-30;ARS
2304000.00;Sueldo eldar;CATEGORY_INCOME;SUBCATEGORY_SALARY;2025-09-30;ARS
4500.00;Vinos;CATEGORY_INCOME;SUBCATEGORY_REFUND_SHARED_EXPENSES;2025-10-02;ARS
-40004.00;Nafta v power shell;CATEGORY_VEHICLE;SUBCATEGORY_FUEL;2025-10-03;ARS
-60000.00;Efectivo;CATEGORY_FINANCIAL_EXPENSES;SUBCATEGORY_OTHERS;2025-10-03;ARS
-8500.00;Comida eldar;CATEGORY_FOOD_AND_DRINKS;SUBCATEGORY_COFFEE_RESTAURANT;2025-10-03;ARS
-14000.00;Fernet brunito;CATEGORY_LEISURE;SUBCATEGORY_ALCOHOL_TOBACCO;2025-10-03;ARS
-20000.00;Fernet a ro;CATEGORY_LEISURE;SUBCATEGORY_ALCOHOL_TOBACCO;2025-10-04;ARS
-13994.85;Helado cremolatti. Transf de 13444 y 500 ars;CATEGORY_FOOD_AND_DRINKS;SUBCATEGORY_COFFEE_RESTAURANT;2025-10-04;ARS
-28000.00;Colt;CATEGORY_LEISURE;SUBCATEGORY_HOTELS;2025-10-04;ARS
-14361.00;Uber sergio;CATEGORY_TRANSPORTATION;SUBCATEGORY_TAXI;2025-10-04;ARS
-9600.00;Birras;CATEGORY_LEISURE;SUBCATEGORY_ALCOHOL_TOBACCO;2025-10-04;ARS
-4000.00;Sube;CATEGORY_TRANSPORTATION;SUBCATEGORY_PUBLIC;2025-10-04;ARS
-22500.00;Regalos cumpleaños;CATEGORY_SHOPS;SUBCATEGORY_GIFTS;2025-10-05;ARS
-30500.00;T fores;CATEGORY_LEISURE;SUBCATEGORY_HOTELS;2025-10-05;ARS
-2000.00;Sube digital;CATEGORY_TRANSPORTATION;SUBCATEGORY_PUBLIC;2025-10-05;ARS
-18000.00;Birra. Tres transacciones de 6000 ars;CATEGORY_LEISURE;SUBCATEGORY_ALCOHOL_TOBACCO;2025-10-05;ARS
-727500.00;Dolarizacion de pesos. No es gasto. 500 usd a 1455 ars aprox;CATEGORY_FINANCIAL_EXPENSES;SUBCATEGORY_OTHERS;2025-10-06;ARS
-13160.00;Pedidos ya;CATEGORY_FOOD_AND_DRINKS;SUBCATEGORY_COFFEE_RESTAURANT;2025-10-07;ARS
-330000.00;Mecanico problema de la correa;CATEGORY_VEHICLE;SUBCATEGORY_MAINTENANCE;2025-10-08;ARS
-23300.00;Tramsf de 13334  y 9965 ars. Schwanek shampoo;CATEGORY_HEALTH;SUBCATEGORY_OTHERS;2025-10-08;ARS
-16285.00;Galletitas dietetica;CATEGORY_FOOD_AND_DRINKS;SUBCATEGORY_MARKET;2025-10-09;ARS
-20023.00;Nafta v power shell;CATEGORY_VEHICLE;SUBCATEGORY_FUEL;2025-10-09;ARS
-22597.00;Fernets;CATEGORY_LEISURE;SUBCATEGORY_ALCOHOL_TOBACCO;2025-10-10;ARS
15000.00;Gasto flores con estela;CATEGORY_INCOME;SUBCATEGORY_REFUND_SHARED_EXPENSES;2025-10-10;ARS
-20000.00;Efectivo para sanguche;CATEGORY_FOOD_AND_DRINKS;SUBCATEGORY_COFFEE_RESTAURANT;2025-10-11;ARS
-96840.00;Impuestos casa;CATEGORY_SERVICES;SUBCATEGORY_LIGHT_GAS_AND_ENERGY;2025-10-11;ARS
-40000.00;Ines psico;CATEGORY_HEALTH;SUBCATEGORY_OTHERS;2025-10-13;ARS
-9200.00;Levite y vino;CATEGORY_FOOD_AND_DRINKS;SUBCATEGORY_COFFEE_RESTAURANT;2025-10-16;ARS
-27000.00;Nafta v power shell;CATEGORY_VEHICLE;SUBCATEGORY_FUEL;2025-10-16;ARS
-11000.00;Comida eldar;CATEGORY_FOOD_AND_DRINKS;SUBCATEGORY_COFFEE_RESTAURANT;2025-10-17;ARS
-7560.00;Galletitas dietetica. Transf de 5860 y 1700 ars;CATEGORY_FOOD_AND_DRINKS;SUBCATEGORY_COFFEE_RESTAURANT;2025-10-17;ARS
-18800.00;Pizza y empanadas chiche;CATEGORY_FOOD_AND_DRINKS;SUBCATEGORY_COFFEE_RESTAURANT;2025-10-17;ARS
-17500.00;Bar la emilia. Total 30500 ars menos lo de estela que me transfirio en transf de 36000 ars;CATEGORY_LEISURE;SUBCATEGORY_ALCOHOL_TOBACCO;2025-10-19;ARS
-20000.00;Nafta fiesta ypf;CATEGORY_VEHICLE;SUBCATEGORY_FUEL;2025-10-19;ARS
-24000.00;Tbc. Total 47000 ars menos lo de estela que me transfirió 23000 ars;CATEGORY_LEISURE;SUBCATEGORY_HOTELS;2025-10-19;ARS
-34700.00;Modafinilo;CATEGORY_HEALTH;SUBCATEGORY_OTHERS;2025-10-21;ARS
-20000.00;Anti ojeras. Tranfs de 90000 ars;CATEGORY_HEALTH;SUBCATEGORY_BEAUTY;2025-10-22;ARS
312148.00;Venta 200/500 usd mep a 1572 ars, de lo que se depositaron a modo de resguardo;CATEGORY_INCOME;SUBCATEGORY_EXCHANGE;2025-10-22;ARS
-70000.00;Remedios jime. Transf de 90000 ars;CATEGORY_HEALTH;SUBCATEGORY_OTHERS;2025-10-22;ARS
-120900.00;Sancor seguros;CATEGORY_VEHICLE;SUBCATEGORY_INSURANCE;2025-10-23;ARS
-80000.00;Ines psico 21-10 y 14-10;CATEGORY_HEALTH;SUBCATEGORY_OTHERS;2025-10-23;ARS
-12000.00;Pelu;CATEGORY_HEALTH;SUBCATEGORY_BEAUTY;2025-10-23;ARS
-7860.00;Galletitas dietetica;CATEGORY_FOOD_AND_DRINKS;SUBCATEGORY_MARKET;2025-10-24;ARS
-10000.00;Empanadas;CATEGORY_FOOD_AND_DRINKS;SUBCATEGORY_COFFEE_RESTAURANT;2025-10-24;ARS
-28990.00;Conturon narrow;CATEGORY_SHOPS;SUBCATEGORY_CLOTHES_AND_SHOES;2025-10-24;ARS
-20600.00;Cinturon;CATEGORY_SHOPS;SUBCATEGORY_CLOTHES_AND_SHOES;2025-10-24;ARS
147241.34;100 Usdt cripto de binance. 300/500 usd vendidos;CATEGORY_INCOME;SUBCATEGORY_EXCHANGE;2025-10-28;ARS
-50000.00;Pago deuda 50000 ars por lo de la ropa a papa;CATEGORY_FINANCIAL_EXPENSES;SUBCATEGORY_OTHERS;2025-10-28;ARS
-5580.60;Compensacion de fondos ??;CATEGORY_OTHERS;SUBCATEGORY_MISSING;2025-10-28;ARS
-10000.00;Pago deuda 10000 ars por lo del masajista a papa;CATEGORY_FINANCIAL_EXPENSES;SUBCATEGORY_OTHERS;2025-10-28;ARS
-10000.00;Masajes seña;CATEGORY_HEALTH;SUBCATEGORY_OTHERS;2025-10-28;ARS
10000.00;Plata papa;CATEGORY_INCOME;SUBCATEGORY_REFUND_SHARED_EXPENSES;2025-10-28;ARS
-40000.00;Ines psico;CATEGORY_HEALTH;SUBCATEGORY_OTHERS;2025-10-29;ARS
-51200.00;Javi santaolalla tusa. Operacion de 45000 + 5400 + 800 ars;CATEGORY_LEISURE;SUBCATEGORY_CONCERTS;2025-10-29;ARS
-5485.40;Compensacion de fondos;CATEGORY_OTHERS;SUBCATEGORY_MISSING;2025-10-29;ARS
74375.55;Vendidos 50 usdt de binance. En total vendidos 350/500 usd de la compra extra de dolares;CATEGORY_INCOME;SUBCATEGORY_EXCHANGE;2025-10-29;ARS
-20500.00;Chino;CATEGORY_FOOD_AND_DRINKS;SUBCATEGORY_MARKET;2025-10-30;ARS
-45800.00;Jabi santaolalla;CATEGORY_LEISURE;SUBCATEGORY_CONCERTS;2025-10-30;ARS
-5432.40;Compensacion de fondos;CATEGORY_OTHERS;SUBCATEGORY_MISSING;2025-10-30;ARS
-5110.00;Galletitas dietetica;CATEGORY_FOOD_AND_DRINKS;SUBCATEGORY_MARKET;2025-10-31;ARS
2274183.00;Salario eldar;CATEGORY_INCOME;SUBCATEGORY_SALARY;2025-10-31;ARS
-30000.00;Nafta v power shell;CATEGORY_VEHICLE;SUBCATEGORY_FUEL;2025-11-01;ARS
-43250.00;Vinos y fernet carmo;CATEGORY_LEISURE;SUBCATEGORY_ALCOHOL_TOBACCO;2025-11-01;ARS
-11900.00;Tabaco;CATEGORY_LEISURE;SUBCATEGORY_ALCOHOL_TOBACCO;2025-11-01;ARS
-3600.00;Barrita de cereal untref;CATEGORY_FOOD_AND_DRINKS;SUBCATEGORY_COFFEE_RESTAURANT;2025-11-03;ARS
-95.46;Compensacion de fondos;CATEGORY_OTHERS;SUBCATEGORY_MISSING;2025-11-03;ARS
-20000.00;Sabado pastis ??;CATEGORY_OTHERS;SUBCATEGORY_MISSING;2025-11-08;ARS
-93419.00;Tarjeta Visa Gold;CATEGORY_FINANCIAL_EXPENSES;SUBCATEGORY_OTHERS;2025-11-11;ARS
-23762.00;Tarjeta master en 2 transferencias;CATEGORY_FINANCIAL_EXPENSES;SUBCATEGORY_OTHERS;2025-11-11;ARS
-40000.00;Ines psico;CATEGORY_HEALTH;SUBCATEGORY_OTHERS;2025-11-11;ARS
-20000.00;Efectivo;CATEGORY_FINANCIAL_EXPENSES;SUBCATEGORY_OTHERS;2025-11-11;ARS
-27600.00;Chino;CATEGORY_FOOD_AND_DRINKS;SUBCATEGORY_MARKET;2025-11-11;ARS
-18000.00;Shawarma a eze;CATEGORY_FOOD_AND_DRINKS;SUBCATEGORY_COFFEE_RESTAURANT;2025-11-13;ARS
-30009.00;Nafta v power shell;CATEGORY_VEHICLE;SUBCATEGORY_FUEL;2025-11-14;ARS
-60000.00;Remedios jime;CATEGORY_HEALTH;SUBCATEGORY_OTHERS;2025-11-14;ARS
-40000.00;Psico sesion 11-11;CATEGORY_HEALTH;SUBCATEGORY_OTHERS;2025-11-16;ARS
-16400.00;Vinos chino;CATEGORY_LEISURE;SUBCATEGORY_ALCOHOL_TOBACCO;2025-11-16;ARS
-16500.00;Cantabrico;CATEGORY_LEISURE;SUBCATEGORY_HOTELS;2025-11-16;ARS
-0.01;Transf de entrada de 33000 y transf salida de 33000 cantabrico;CATEGORY_OTHERS;SUBCATEGORY_MISSING;2025-11-16;ARS
-23600.00;Sky jugo y hielo;CATEGORY_LEISURE;SUBCATEGORY_ALCOHOL_TOBACCO;2025-11-16;ARS
-2000.00;Sem 3f;CATEGORY_VEHICLE;SUBCATEGORY_PARKING;2025-11-16;ARS
-4500.00;Hamburguesa;CATEGORY_FOOD_AND_DRINKS;SUBCATEGORY_COFFEE_RESTAURANT;2025-11-16;ARS
-6300.00;Cepita y papas;CATEGORY_LEISURE;SUBCATEGORY_ALCOHOL_TOBACCO;2025-11-16;ARS
-1800.00;Fanta chucky;CATEGORY_LEISURE;SUBCATEGORY_ALCOHOL_TOBACCO;2025-11-16;ARS
-4000.00;Sem san martin recarga;CATEGORY_VEHICLE;SUBCATEGORY_PARKING;2025-11-16;ARS
80700.00;Parte del hotel del perce;CATEGORY_INCOME;SUBCATEGORY_REFUND_SHARED_EXPENSES;2025-11-17;ARS
60700.00;Carmo alquiler;CATEGORY_INCOME;SUBCATEGORY_REFUND_SHARED_EXPENSES;2025-11-18;ARS
-40000.00;Ines psico;CATEGORY_HEALTH;SUBCATEGORY_OTHERS;2025-11-18;ARS
-4200.00;Galletitas;CATEGORY_FOOD_AND_DRINKS;SUBCATEGORY_COFFEE_RESTAURANT;2025-11-21;ARS
-5850.00;Cafe;CATEGORY_FOOD_AND_DRINKS;SUBCATEGORY_COFFEE_RESTAURANT;2025-11-21;ARS
82000.00;Parte del hotel chevo;CATEGORY_INCOME;SUBCATEGORY_REFUND_SHARED_EXPENSES;2025-11-21;ARS
-262000.00;Hotel colon;CATEGORY_LEISURE;SUBCATEGORY_HOTELS;2025-11-21;ARS
22000.00;Depto carmo;CATEGORY_INCOME;SUBCATEGORY_REFUND_SHARED_EXPENSES;2025-11-21;ARS
-53000.00;Evento termas;CATEGORY_LEISURE;SUBCATEGORY_HOTELS;2025-11-21;ARS
-4851.00;Dia vino;CATEGORY_FOOD_AND_DRINKS;SUBCATEGORY_MARKET;2025-11-21;ARS
-36000.00;Comida sanguche;CATEGORY_FOOD_AND_DRINKS;SUBCATEGORY_COFFEE_RESTAURANT;2025-11-21;ARS
27000.00;Sanguche carmo perce y chevo, 3 transf de 9000 cada una;CATEGORY_INCOME;SUBCATEGORY_REFUND_SHARED_EXPENSES;2025-11-21;ARS
-5000.00;Birra y sprite;CATEGORY_FOOD_AND_DRINKS;SUBCATEGORY_COFFEE_RESTAURANT;2025-11-22;ARS
-8000.00;Fernet;CATEGORY_LEISURE;SUBCATEGORY_ALCOHOL_TOBACCO;2025-11-22;ARS
26200.00;Trans del perce;CATEGORY_INCOME;SUBCATEGORY_REFUND_SHARED_EXPENSES;2025-11-22;ARS
-16000.00;Dos combos de 2 fernets;CATEGORY_LEISURE;SUBCATEGORY_ALCOHOL_TOBACCO;2025-11-22;ARS
-65212.00;Asado fernets y cosas con los pibes;CATEGORY_FOOD_AND_DRINKS;SUBCATEGORY_COFFEE_RESTAURANT;2025-11-22;ARS
36350.00;10150 ars + 26200 ars reintegro de los pibes del dia;CATEGORY_INCOME;SUBCATEGORY_REFUND_SHARED_EXPENSES;2025-11-22;ARS
-30000.00;Bombilla mate;CATEGORY_HOUSE_AND_HOME;SUBCATEGORY_OTHERS;2025-11-22;ARS
10150.00;Trans del carmo;CATEGORY_INCOME;SUBCATEGORY_REFUND_SHARED_EXPENSES;2025-11-23;ARS
-50000.00;Alfajores;CATEGORY_SHOPS;SUBCATEGORY_GIFTS;2025-11-23;ARS
16500.00;Transsf de los pibes por los sanguches, dos de 5000 y una de 6500;CATEGORY_INCOME;SUBCATEGORY_REFUND_SHARED_EXPENSES;2025-11-23;ARS
-28000.00;Sanguches de churrasco y aguas;CATEGORY_FOOD_AND_DRINKS;SUBCATEGORY_COFFEE_RESTAURANT;2025-11-23;ARS
-12000.00;Entrada termas trans al perce;CATEGORY_LEISURE;SUBCATEGORY_HOTELS;2025-11-23;ARS
-4000.00;Trans a alegis srl;CATEGORY_OTHERS;SUBCATEGORY_MISSING;2025-11-23;ARS
-18250.00;Nafta vuelta de colon;CATEGORY_VEHICLE;SUBCATEGORY_FUEL;2025-11-24;ARS
-83064.00;Calzones wide;CATEGORY_SHOPS;SUBCATEGORY_CLOTHES_AND_SHOES;2025-11-24;ARS
-26500.00;Pizzas;CATEGORY_FOOD_AND_DRINKS;SUBCATEGORY_COFFEE_RESTAURANT;2025-11-24;ARS
8800.00;Perce pizza;CATEGORY_INCOME;SUBCATEGORY_OTHERS;2025-11-24;ARS
8800.00;Chevi comida pizza;CATEGORY_INCOME;SUBCATEGORY_REFUND_SHARED_EXPENSES;2025-11-24;ARS
-40000.00;Ines psico;CATEGORY_HEALTH;SUBCATEGORY_OTHERS;2025-11-25;ARS
-122000.00;Impresora portatil;CATEGORY_SHOPS;SUBCATEGORY_ELECTRONICS;2025-11-25;ARS
-122240.00;Sancor seguros;CATEGORY_VEHICLE;SUBCATEGORY_INSURANCE;2025-11-26;ARS
-400.00;Estacionamiento 3 f;CATEGORY_VEHICLE;SUBCATEGORY_PARKING;2025-11-26;ARS
-98500.00;Agua luz gas;CATEGORY_SERVICES;SUBCATEGORY_OTHERS;2025-11-28;ARS
-9300.00;Kado;CATEGORY_FOOD_AND_DRINKS;SUBCATEGORY_COFFEE_RESTAURANT;2025-11-28;ARS
-147700.00;Zapatillas y remeras;CATEGORY_SHOPS;SUBCATEGORY_CLOTHES_AND_SHOES;2025-11-29;ARS
-1800.00;Lima;CATEGORY_HEALTH;SUBCATEGORY_OTHERS;2025-11-29;ARS
-105000.00;Ropa y riñonera;CATEGORY_SHOPS;SUBCATEGORY_CLOTHES_AND_SHOES;2025-11-29;ARS
-130320.00;Pantalones de vestir y pullovercito;CATEGORY_SHOPS;SUBCATEGORY_CLOTHES_AND_SHOES;2025-11-29;ARS
2448439.00;Salario eldar;CATEGORY_INCOME;SUBCATEGORY_SALARY;2025-11-29;ARS
-19900.00;Galletitas dietetica;CATEGORY_FOOD_AND_DRINKS;SUBCATEGORY_MARKET;2025-12-01;ARS
-30000.00;Nafta v power shell;CATEGORY_VEHICLE;SUBCATEGORY_FUEL;2025-12-02;ARS
-15000.00;Corte de pelo;CATEGORY_HEALTH;SUBCATEGORY_BEAUTY;2025-12-03;ARS
-2700.00;Powerade;CATEGORY_FOOD_AND_DRINKS;SUBCATEGORY_MARKET;2025-12-04;ARS
-73280.00;Impuestos casa;CATEGORY_SERVICES;SUBCATEGORY_LIGHT_GAS_AND_ENERGY;2025-12-05;ARS
-24295.00;Estacionamiento palermo;CATEGORY_VEHICLE;SUBCATEGORY_PARKING;2025-12-06;ARS
-13000.00;Bar a gabi;CATEGORY_LEISURE;SUBCATEGORY_ALCOHOL_TOBACCO;2025-12-06;ARS
-16500.00;Tragos en bar;CATEGORY_LEISURE;SUBCATEGORY_ALCOHOL_TOBACCO;2025-12-06;ARS
9000.00;Reintegro estacionamiento dami lima;CATEGORY_INCOME;SUBCATEGORY_REFUND_SHARED_EXPENSES;2025-12-06;ARS
-16500.00;Tragos en bar;CATEGORY_LEISURE;SUBCATEGORY_ALCOHOL_TOBACCO;2025-12-06;ARS
-3000.00;Pancho;CATEGORY_FOOD_AND_DRINKS;SUBCATEGORY_COFFEE_RESTAURANT;2025-12-07;ARS
-87200.00;Libros;CATEGORY_LEISURE;SUBCATEGORY_BOOKS;2025-12-07;ARS
-30000.00;Nafta shll v power;CATEGORY_VEHICLE;SUBCATEGORY_FUEL;2025-12-07;ARS
-3700.00;Pancho y bebida;CATEGORY_FOOD_AND_DRINKS;SUBCATEGORY_COFFEE_RESTAURANT;2025-12-07;ARS
-51500.00;Chino abu y los pibes;CATEGORY_FOOD_AND_DRINKS;SUBCATEGORY_MARKET;2025-12-08;ARS
-46000.00;Hotel o;CATEGORY_LEISURE;SUBCATEGORY_HOTELS;2025-12-08;ARS
22000.00;Reembolso chicos 17000 y 5000 ars;CATEGORY_FOOD_AND_DRINKS;SUBCATEGORY_MARKET;2025-12-08;ARS
1310712.00;Salario eldar aguinaldo;CATEGORY_INCOME;SUBCATEGORY_SALARY;2025-12-09;ARS
-11500.00;Kado;CATEGORY_FOOD_AND_DRINKS;SUBCATEGORY_COFFEE_RESTAURANT;2025-12-09;ARS
-27026.00;Nafta v power shell;CATEGORY_VEHICLE;SUBCATEGORY_FUEL;2025-12-10;ARS
-5300.00;Helado;CATEGORY_FOOD_AND_DRINKS;SUBCATEGORY_COFFEE_RESTAURANT;2025-12-10;ARS
-2500.00;Empanada comedor eldar;CATEGORY_FOOD_AND_DRINKS;SUBCATEGORY_COFFEE_RESTAURANT;2025-12-10;ARS
-24000.00;Shampoo schwanek;CATEGORY_HEALTH;SUBCATEGORY_BEAUTY;2025-12-11;ARS
-24497.00;Transacciones de 15865 ars y 8632 ars. Tarjeta master;CATEGORY_FINANCIAL_EXPENSES;SUBCATEGORY_OTHERS;2025-12-11;ARS
-123715.00;Tarjeta Visa Gold;CATEGORY_FINANCIAL_EXPENSES;SUBCATEGORY_OTHERS;2025-12-11;ARS
-36150.00;Chino;CATEGORY_FOOD_AND_DRINKS;SUBCATEGORY_COFFEE_RESTAURANT;2025-12-13;ARS
-58000.00;Regalos y efectivo;CATEGORY_SHOPS;SUBCATEGORY_GIFTS;2025-12-14;ARS
-80000.00;Ines psico 2-12 y 10-12;CATEGORY_HEALTH;SUBCATEGORY_OTHERS;2025-12-15;ARS
-6000.00;Estacionamiento;CATEGORY_VEHICLE;SUBCATEGORY_PARKING;2025-12-17;ARS
-60000.00;Remedios jime;CATEGORY_HEALTH;SUBCATEGORY_OTHERS;2025-12-17;ARS
-9200.00;Galletitas dietetica;CATEGORY_FOOD_AND_DRINKS;SUBCATEGORY_MARKET;2025-12-17;ARS
-77730.00;Mouse;CATEGORY_SHOPS;SUBCATEGORY_ELECTRONICS;2025-12-17;ARS
-40000.00;Ines psico;CATEGORY_HEALTH;SUBCATEGORY_OTHERS;2025-12-17;ARS
-20000.00;Lavado auto;CATEGORY_VEHICLE;SUBCATEGORY_MAINTENANCE;2025-12-18;ARS
-9000.00;Rifa rami;CATEGORY_OTHERS;SUBCATEGORY_LOTERY_CASINO;2025-12-18;ARS
-35900.00;Modafinilo papa;CATEGORY_HEALTH;SUBCATEGORY_OTHERS;2025-12-18;ARS
-6760.00;Galletitas dietetica;CATEGORY_FOOD_AND_DRINKS;SUBCATEGORY_MARKET;2025-12-19;ARS
-10000.00;Reci tarumba;CATEGORY_LEISURE;SUBCATEGORY_CONCERTS;2025-12-21;ARS
-6500.00;Plate birra;CATEGORY_LEISURE;SUBCATEGORY_ALCOHOL_TOBACCO;2025-12-21;ARS
-510000.00;Retiros efectivo 5 de 90k y 1 de 60k;CATEGORY_FOOD_AND_DRINKS;SUBCATEGORY_MARKET;2025-12-22;ARS
-28500.00;Torres barthe reci tarumba 6500+12000+6500+3500;CATEGORY_LEISURE;SUBCATEGORY_ALCOHOL_TOBACCO;2025-12-22;ARS
-50000.00;Ines psico lunes 22-12;CATEGORY_HEALTH;SUBCATEGORY_OTHERS;2025-12-23;ARS
-126055.00;Sancor seguros;CATEGORY_VEHICLE;SUBCATEGORY_INSURANCE;2025-12-23;ARS
-14200.00;Mila y aquarius;CATEGORY_HEALTH;SUBCATEGORY_OTHERS;2025-12-23;ARS
-37000.00;Jagger;CATEGORY_LEISURE;SUBCATEGORY_ALCOHOL_TOBACCO;2025-12-24;ARS
-15000.00;Pelu;CATEGORY_HEALTH;SUBCATEGORY_BEAUTY;2025-12-24;ARS
-70000.00;Pasaporte;CATEGORY_LEISURE;SUBCATEGORY_HOTELS;2025-12-26;ARS
-105000.00;Asado entrerriano;CATEGORY_FOOD_AND_DRINKS;SUBCATEGORY_COFFEE_RESTAURANT;2025-12-27;ARS
-20500.00;Fernet y cocas;CATEGORY_LEISURE;SUBCATEGORY_ALCOHOL_TOBACCO;2025-12-28;ARS
-16000.00;Asado;CATEGORY_LEISURE;SUBCATEGORY_ALCOHOL_TOBACCO;2025-12-28;ARS
-80000.00;Plata para rami;CATEGORY_FINANCIAL_EXPENSES;SUBCATEGORY_LOAN;2025-12-29;ARS
-56900.00;Locion y protector schwanek;CATEGORY_HEALTH;SUBCATEGORY_BEAUTY;2025-12-29;ARS
-7600.00;Birra brhama;CATEGORY_LEISURE;SUBCATEGORY_ALCOHOL_TOBACCO;2026-01-01;ARS
-3500.00;Puchos;CATEGORY_LEISURE;SUBCATEGORY_ALCOHOL_TOBACCO;2026-01-01;ARS
-7000.00;Plata a aldi del fernet;CATEGORY_LEISURE;SUBCATEGORY_ALCOHOL_TOBACCO;2026-01-02;ARS
-30790.00;Cargador;CATEGORY_SHOPS;SUBCATEGORY_ELECTRONICS;2026-01-02;ARS
2393048.00;Salario eldar;CATEGORY_INCOME;SUBCATEGORY_SALARY;2026-01-02;ARS
-55000.00;Buzo adidas con voucher;CATEGORY_SHOPS;SUBCATEGORY_CLOTHES_AND_SHOES;2026-01-04;ARS
-14960.00;Galletitas dietetica;CATEGORY_FOOD_AND_DRINKS;SUBCATEGORY_MARKET;2026-01-06;ARS
-576000.00;Compra usd oficial a 1440;CATEGORY_FINANCIAL_EXPENSES;SUBCATEGORY_OTHERS;2026-01-06;ARS
-50000.00;Cumple de la abuela;CATEGORY_SHOPS;SUBCATEGORY_GIFTS;2026-01-07;ARS
-82865.00;Luz gas agua;CATEGORY_SERVICES;SUBCATEGORY_OTHERS;2026-01-07;ARS
-56000.00;Combistible yaris;CATEGORY_VEHICLE;SUBCATEGORY_FUEL;2026-01-07;ARS
-260000.00;Arreglo aire acondicionado;CATEGORY_VEHICLE;SUBCATEGORY_MAINTENANCE;2026-01-08;ARS
-700000.00;Prestamo rami ajustado por inflacion;CATEGORY_FINANCIAL_EXPENSES;SUBCATEGORY_LOAN;2026-01-08;ARS
-29052.00;Tarjeta Master Gold;CATEGORY_FINANCIAL_EXPENSES;SUBCATEGORY_OTHERS;2026-01-09;ARS
-1490000.00;Usd ahorro. 1000 usd a 1490 ars;CATEGORY_FINANCIAL_EXPENSES;SUBCATEGORY_OTHERS;2026-01-09;ARS
-40000.00;Combistible shell fiesta;CATEGORY_VEHICLE;SUBCATEGORY_FUEL;2026-01-09;ARS
-157724.00;Tarjeta Visa Gold;CATEGORY_FINANCIAL_EXPENSES;SUBCATEGORY_OTHERS;2026-01-09;ARS
-20000.00;Regalos cumpleaños . Transf de 60000;CATEGORY_SHOPS;SUBCATEGORY_GIFTS;2026-01-10;ARS
-40000.00;Chapista playa efectivo papa. Transf de 60000;CATEGORY_VEHICLE;SUBCATEGORY_MAINTENANCE;2026-01-10;ARS
25000.00;Devolucion de papi de conbistible;CATEGORY_INCOME;SUBCATEGORY_REFUND_SHARED_EXPENSES;2026-01-10;ARS
-53958.00;Ropa shein;CATEGORY_SHOPS;SUBCATEGORY_CLOTHES_AND_SHOES;2026-01-11;ARS
-15400.00;Pan y gaseosa asado;CATEGORY_FOOD_AND_DRINKS;SUBCATEGORY_COFFEE_RESTAURANT;2026-01-11;ARS
-60001.00;Plata a jime;CATEGORY_HEALTH;SUBCATEGORY_OTHERS;2026-01-12;ARS
-252612.00;Casa do Brasil curso nivel 2 bimestral;CATEGORY_EDUCATION_AND_DEVELOPMENT;SUBCATEGORY_OTHERS;2026-01-12;ARS
-200000.00;Prestamo rami ajustado por inflacion parte 2;CATEGORY_FINANCIAL_EXPENSES;SUBCATEGORY_LOAN;2026-01-12;ARS
-36000.00;Nafta v power shell;CATEGORY_VEHICLE;SUBCATEGORY_FUEL;2026-01-14;ARS
-49200.00;Libro de exercísios;CATEGORY_EDUCATION_AND_DEVELOPMENT;SUBCATEGORY_OTHERS;2026-01-15;ARS
-12000.00;;CATEGORY_LEISURE;SUBCATEGORY_ALCOHOL_TOBACCO;2026-01-16;ARS
-38000.00;Salida con. Chicos de eldar;CATEGORY_LEISURE;SUBCATEGORY_ALCOHOL_TOBACCO;2026-01-17;ARS
-149500.00;Las pasti abril ferro;CATEGORY_LEISURE;SUBCATEGORY_CONCERTS;2026-01-18;ARS
-6600.00;;CATEGORY_VEHICLE;SUBCATEGORY_PARKING;2026-01-21;ARS
-126728.00;Sancor seguros;CATEGORY_VEHICLE;SUBCATEGORY_INSURANCE;2026-01-23;ARS
-3800.00;Coca.;CATEGORY_LEISURE;SUBCATEGORY_ALCOHOL_TOBACCO;2026-01-25;ARS
-21000.00;Efectivo papa;CATEGORY_FINANCIAL_EXPENSES;SUBCATEGORY_OTHERS;2026-01-25;ARS
-9400.00;Kado;CATEGORY_FOOD_AND_DRINKS;SUBCATEGORY_COFFEE_RESTAURANT;2026-01-29;ARS
2502375.00;Salarios eldar;CATEGORY_INCOME;SUBCATEGORY_SALARY;2026-01-30;ARS
-7400.00;Helado;CATEGORY_FOOD_AND_DRINKS;SUBCATEGORY_COFFEE_RESTAURANT;2026-01-31;ARS
-2347.00;Helado;CATEGORY_FOOD_AND_DRINKS;SUBCATEGORY_COFFEE_RESTAURANT;2026-02-01;ARS
-100000.00;Ines psico 19-01 y 26-01;CATEGORY_HEALTH;SUBCATEGORY_OTHERS;2026-02-01;ARS
-10350.00;Galletitas dietetica;CATEGORY_FOOD_AND_DRINKS;SUBCATEGORY_COFFEE_RESTAURANT;2026-02-03;ARS
-7500.00;Kado;CATEGORY_FOOD_AND_DRINKS;SUBCATEGORY_COFFEE_RESTAURANT;2026-02-03;ARS
-50000.00;Cumple abu;CATEGORY_SHOPS;SUBCATEGORY_GIFTS;2026-02-04;ARS
-50000.00;Ines 2-02;CATEGORY_HEALTH;SUBCATEGORY_OTHERS;2026-02-04;ARS
-3300.00;Queso;CATEGORY_FOOD_AND_DRINKS;SUBCATEGORY_MARKET;2026-02-04;ARS
-15000.00;Peluqueria;CATEGORY_HEALTH;SUBCATEGORY_BEAUTY;2026-02-05;ARS
-36000.00;Nafta v power shell;CATEGORY_VEHICLE;SUBCATEGORY_FUEL;2026-02-05;ARS
-37000.00;Modafinilo;CATEGORY_HEALTH;SUBCATEGORY_OTHERS;2026-02-05;ARS
-90040.00;Gas luz agua;CATEGORY_SERVICES;SUBCATEGORY_OTHERS;2026-02-05;ARS
-513360.00;Tarjeta Visa Gold;CATEGORY_FINANCIAL_EXPENSES;SUBCATEGORY_OTHERS;2026-02-07;ARS
-64540.00;Comida y bebidas;CATEGORY_FOOD_AND_DRINKS;SUBCATEGORY_MARKET;2026-02-07;ARS
-52224.00;Tarjeta master gold .Dos transacciones de 48939 + 3285;CATEGORY_FINANCIAL_EXPENSES;SUBCATEGORY_OTHERS;2026-02-07;ARS
-90000.00;La renga barcelona;CATEGORY_LEISURE;SUBCATEGORY_CONCERTS;2026-02-08;ARS
-26600.00;Fernet;CATEGORY_LEISURE;SUBCATEGORY_ALCOHOL_TOBACCO;2026-02-08;ARS
-43150.00;Comida y bebidas;CATEGORY_FOOD_AND_DRINKS;SUBCATEGORY_MARKET;2026-02-08;ARS
-50000.00;Ines psico;CATEGORY_HEALTH;SUBCATEGORY_OTHERS;2026-02-10;ARS
-30000.00;Camping;CATEGORY_LEISURE;SUBCATEGORY_HOTELS;2026-02-13;ARS
-11500.00;Sanguche;CATEGORY_FOOD_AND_DRINKS;SUBCATEGORY_COFFEE_RESTAURANT;2026-02-14;ARS
-10500.00;Medialunas;CATEGORY_FOOD_AND_DRINKS;SUBCATEGORY_COFFEE_RESTAURANT;2026-02-14;ARS
-200000.00;Efectivo;CATEGORY_FINANCIAL_EXPENSES;SUBCATEGORY_OTHERS;2026-02-14;ARS
-126400.00;Ypf;CATEGORY_VEHICLE;SUBCATEGORY_MAINTENANCE;2026-02-14;ARS
-61049.00;Nafta infinia ypf;CATEGORY_VEHICLE;SUBCATEGORY_FUEL;2026-02-14;ARS
72000.00;Dnet credito;CATEGORY_OTHERS;SUBCATEGORY_MISSING;2026-02-28;ARS
-343434.00;;CATEGORY_SHOPS;SUBCATEGORY_GIFTS;2026-04-02;ARS
